NaN,NaN,NaN
0.004,-0.002,0
0.084,-0.14,0
0.107,-0.267,0
0.13,-0.421,0
0.153,-0.602,0
0.176,-0.81,0
0.199,-1.044,0
0.222,-1.305,0
0.244,-1.593,0
0.267,-1.907,0
0.29,-2.249,0
0.313,-2.617,0
0.336,-3.012,0
0.359,-3.433,0
0.382,-3.882,0
0.405,-4.357,0
0.428,-4.859,0
0.45,-5.384,0
0.473,-5.933,0
0.496,-6.506,0
0.519,-7.104,0
0.542,-7.721,0
0.565,-8.359,0
0.588,-9.02,0
0.611,-9.705,0
0.633,-10.403,0
0.657,-11.123,0
0.681,-11.864,0
0.705,-12.62,0
0.729,-13.385,0
0.753,-14.163,0
0.777,-14.951,0
0.801,-15.746,0
0.825,-16.545,0
0.849,-17.346,0
0.873,-18.155,0
0.897,-18.959,0
0.92,-19.766,0
0.944,-20.568,0
0.968,-21.365,0
0.992,-22.146,0
1.016,-22.918,0
1.111,-24.625,0
1.135,-25.409,0
1.159,-26.172,0
1.183,-26.912,0
1.206,-27.628,0
1.23,-28.323,0
1.254,-28.998,0
1.278,-29.65,0
1.302,-30.28,0
1.326,-30.89,0
1.35,-31.475,0
1.374,-32.034,0
1.398,-32.566,0
1.422,-33.079,0
1.446,-33.571,0
1.47,-34.037,0
1.494,-34.487,0
1.517,-34.915,0
1.541,-35.314,0
1.565,-35.687,0
1.589,-36.047,0
1.613,-36.387,0
1.637,-36.712,0
1.661,-37.021,0
1.685,-37.311,0
1.709,-37.578,0
1.733,-37.826,0
1.757,-38.058,0
1.781,-38.277,0
1.804,-38.487,0
1.828,-38.684,0
1.852,-38.862,0
1.876,-39.029,0
1.9,-39.183,0
1.924,-39.327,0
1.948,-39.461,0
1.972,-39.582,0
1.996,-39.698,0
2.02,-39.793,0
2.114,-40.792,0
2.138,-40.786,0
2.162,-40.775,0
2.186,-40.752,0
2.21,-40.732,0
2.234,-40.71,0
2.258,-40.689,0
2.282,-40.664,0
2.306,-40.622,0
2.33,-40.586,0
2.354,-40.553,0
2.378,-40.507,0
2.401,-40.45,0
2.425,-40.389,0
2.449,-40.332,0
2.473,-40.28,0
2.497,-40.231,0
2.521,-40.177,0
2.545,-40.116,0
2.569,-40.055,0
2.593,-39.995,0
2.617,-39.943,0
2.641,-39.88,0
2.665,-39.817,0.012
2.688,-39.757,0
2.712,-39.698,0
2.736,-39.636,0
2.76,-39.568,0
2.784,-39.499,0
2.808,-39.434,0
2.832,-39.364,0
2.856,-39.297,0
2.88,-39.237,0
2.904,-39.17,0
2.928,-39.099,0
2.952,-39.027,0
2.976,-38.955,0
2.999,-38.885,0.012
3.023,-38.82,0.012
3.118,-39.08,0
3.142,-38.965,0
3.166,-38.857,0
3.19,-38.748,0
3.214,-38.65,0
3.238,-38.546,0
3.262,-38.443,0
3.285,-38.339,0
3.309,-38.24,0
3.333,-38.145,0.012
3.357,-38.061,0.023
3.381,-37.974,0.047
3.405,-37.896,0.07
3.429,-37.819,0.106
3.453,-37.75,0.117
3.477,-37.683,0.152
3.501,-37.621,0.188
3.525,-37.556,0.223
3.549,-37.497,0.246
3.572,-37.443,0.27
3.596,-37.385,0.293
3.62,-37.331,0.328
3.644,-37.274,0.352
3.668,-37.219,0.375
3.692,-37.161,0.411
3.716,-37.105,0.434
3.74,-37.05,0.457
3.764,-36.994,0.481
3.788,-36.936,0.493
3.812,-36.895,0.551
3.836,-36.84,0.575
3.86,-36.805,0.598
3.883,-36.805,0.622
3.907,-36.788,0.61
3.931,-36.761,0.657
3.955,-36.724,0.645
3.979,-36.682,0.669
4.003,-36.625,0.68
4.098,-36.656,0.645
4.122,-36.617,0.657
4.146,-36.57,0.669
4.169,-36.518,0.68
4.193,-36.478,0.657
4.217,-36.441,0.657
4.241,-36.391,0.692
4.265,-36.35,0.692
4.289,-36.303,0.692
4.313,-36.226,0.657
4.337,-36.203,0.657
4.361,-36.194,0.68
4.385,-36.141,0.692
4.409,-36.133,0.657
4.433,-36.105,0.657
4.456,-36.039,0.692
4.48,-35.982,0.669
4.504,-35.943,0.657
4.528,-35.946,0.692
4.552,-35.95,0.692
4.576,-35.89,0.669
4.6,-35.883,0.669
4.624,-35.858,0.692
4.648,-35.844,0.669
4.672,-35.822,0.669
4.696,-35.828,0.692
4.72,-35.828,0.692
4.744,-35.838,0.692
4.767,-35.849,0.68
4.791,-35.877,0.669
4.815,-35.896,0.692
4.839,-35.931,0.692
4.863,-35.946,0.68
4.887,-35.976,0.669
4.911,-35.976,0.692
4.935,-35.995,0.692
4.959,-36.011,0.669
4.983,-36.015,0.692
5.007,-35.965,0.68
5.101,-36.034,0.692
5.125,-35.986,0.669
5.149,-35.941,0.68
5.173,-35.865,0.68
5.197,-35.826,0.669
5.221,-35.825,0.704
5.245,-35.751,0.692
5.269,-35.684,0.68
5.293,-35.607,0.692
5.317,-35.567,0.692
5.34,-35.594,0.669
5.364,-35.577,0.669
5.388,-35.531,0.704
5.412,-35.489,0.68
5.436,-35.462,0.669
5.46,-35.492,0.657
5.484,-35.53,0.68
5.508,-35.543,0.68
5.532,-35.569,0.68
5.556,-35.564,0.657
5.58,-35.529,0.692
5.604,-35.506,0.716
5.628,-35.479,0.68
5.651,-35.516,0.68
5.675,-35.529,0.716
5.699,-35.515,0.704
5.723,-35.56,0.68
5.747,-35.594,0.68
5.771,-35.563,0.669
5.795,-35.533,0.669
5.819,-35.487,0.704
5.843,-35.438,0.68
5.867,-35.416,0.68
5.891,-35.412,0.704
5.915,-35.426,0.716
5.938,-35.383,0.692
5.962,-35.355,0.68
5.986,-35.389,0.68
6.01,-35.407,0.68
6.105,-35.406,0.669
6.129,-35.418,0.669
6.153,-35.403,0.692
6.177,-35.35,0.68
6.201,-35.32,0.692
6.225,-35.276,0.657
6.248,-35.201,0.68
6.272,-35.163,0.692
6.296,-35.139,0.68
6.32,-35.118,0.68
6.344,-35.124,0.692
6.368,-35.127,0.704
6.392,-35.135,0.716
6.416,-35.131,0.68
6.44,-35.135,0.669
6.464,-35.159,0.716
6.488,-35.137,0.716
6.512,-35.126,0.68
6.535,-35.161,0.716
6.559,-35.151,0.704
6.583,-35.15,0.68
6.607,-35.203,0.68
6.631,-35.22,0.68
6.655,-35.241,0.68
6.679,-35.299,0.716
6.703,-35.299,0.68
6.727,-35.31,0.692
6.751,-35.364,0.68
6.775,-35.38,0.716
6.799,-35.387,0.692
6.822,-35.45,0.692
6.846,-35.469,0.68
6.87,-35.469,0.68
6.894,-35.518,0.704
6.918,-35.543,0.692
6.942,-35.536,0.68
6.966,-35.586,0.704
6.99,-35.614,0.716
7.014,-35.615,0.716
7.108,-35.748,0.727
7.132,-35.833,0.692
7.156,-35.866,0.716
7.18,-35.96,0.692
7.204,-36.042,0.727
7.228,-36.06,0.692
7.252,-36.137,0.692
7.276,-36.213,0.716
7.3,-36.232,0.727
7.324,-36.302,0.704
7.348,-36.364,0.704
7.372,-36.374,0.727
7.396,-36.426,0.704
7.419,-36.484,0.704
7.443,-36.489,0.704
7.467,-36.538,0.716
7.491,-36.584,0.739
7.515,-36.586,0.704
7.539,-36.629,0.704
7.563,-36.671,0.704
7.587,-36.657,0.751
7.611,-36.696,0.704
7.635,-36.713,0.716
7.659,-36.677,0.704
7.683,-36.7,0.716
7.706,-36.695,0.739
7.73,-36.648,0.751
7.754,-36.664,0.739
7.778,-36.649,0.704
7.802,-36.597,0.704
7.826,-36.601,0.751
7.85,-36.554,0.716
7.874,-36.497,0.716
7.898,-36.498,0.727
7.922,-36.445,0.727
7.946,-36.39,0.716
7.97,-36.364,0.762
7.994,-36.303,0.762
8.017,-36.238,0.739
8.112,-36.136,0.762
8.136,-36.087,0.774
8.16,-36.033,0.762
8.184,-35.935,0.774
8.208,-35.872,0.739
8.232,-35.801,0.751
8.256,-35.697,0.774
8.28,-35.624,0.774
8.303,-35.586,0.774
8.327,-35.525,0.751
8.351,-35.563,0.751
8.375,-35.61,0.786
8.399,-35.593,0.762
8.423,-35.649,0.739
8.447,-35.648,0.774
8.471,-35.633,0.762
8.495,-35.62,0.762
8.519,-35.61,0.762
8.543,-35.593,0.751
8.567,-35.518,0.774
8.59,-35.472,0.786
8.614,-35.441,0.751
8.638,-35.393,0.751
8.662,-35.412,0.786
8.686,-35.455,0.762
8.71,-35.445,0.762
8.734,-35.505,0.751
8.758,-35.515,0.774
8.782,-35.516,0.786
8.806,-35.491,0.774
8.83,-35.478,0.774
8.854,-35.461,0.762
8.878,-35.42,0.762
8.901,-35.418,0.786
8.925,-35.456,0.786
8.949,-35.429,0.786
8.973,-35.477,0.798
8.997,-35.483,0.809
9.021,-35.481,0.798
9.116,-35.415,0.809
9.14,-35.397,0.798
9.164,-35.418,0.809
9.187,-35.386,0.809
9.211,-35.44,0.786
9.235,-35.454,0.786
9.259,-35.454,0.798
9.283,-35.426,0.798
9.307,-35.416,0.786
9.331,-35.406,0.786
9.355,-35.367,0.798
9.379,-35.371,0.809
9.403,-35.424,0.786
9.427,-35.411,0.809
9.451,-35.458,0.774
9.474,-35.463,0.798
9.498,-35.442,0.786
9.522,-35.37,0.798
9.546,-35.324,0.809
9.57,-35.308,0.809
9.594,-35.26,0.809
9.618,-35.299,0.821
9.642,-35.323,0.809
9.666,-35.338,0.821
9.69,-35.332,0.798
9.714,-35.343,0.809
9.738,-35.338,0.798
9.762,-35.309,0.798
9.785,-35.348,0.809
9.809,-35.368,0.809
9.833,-35.381,0.798
9.857,-35.361,0.798
9.881,-35.35,0.798
9.905,-35.317,0.809
9.929,-35.281,0.809
9.953,-35.325,0.809
9.977,-35.36,0.798
10.001,-35.362,0.798
10.096,-35.363,0.798
10.121,-35.43,0.833
10.146,-35.445,0.845
10.171,-35.442,0.798
10.196,-35.393,0.809
10.221,-35.432,0.809
10.246,-35.445,0.833
10.271,-35.447,0.833
10.296,-35.39,0.833
10.321,-35.421,0.798
10.346,-35.427,0.809
10.371,-35.422,0.809
10.396,-35.341,0.833
10.421,-35.333,0.809
10.446,-35.316,0.798
10.471,-35.312,0.809
10.496,-35.25,0.809
10.521,-35.26,0.809
10.546,-35.28,0.845
10.571,-35.279,0.798
10.596,-35.211,0.809
10.621,-35.234,0.821
10.646,-35.24,0.833
10.67,-35.23,0.833
10.695,-35.18,0.845
10.72,-35.217,0.809
10.745,-35.224,0.821
10.77,-35.218,0.821
10.795,-35.16,0.833
10.82,-35.188,0.833
10.845,-35.196,0.845
10.87,-35.195,0.821
10.895,-35.153,0.833
10.92,-35.18,0.833
10.945,-35.179,0.845
10.97,-35.16,0.856
10.995,-35.126,0.833
11.02,-35.18,0.821
11.116,-35.295,0.821
11.141,-35.389,0.845
11.166,-35.448,0.868
11.19,-35.4,0.845
11.215,-35.412,0.833
11.24,-35.436,0.868
11.265,-35.435,0.845
11.29,-35.368,0.845
11.315,-35.393,0.88
11.34,-35.385,0.856
11.365,-35.358,0.856
11.39,-35.314,0.88
11.415,-35.379,0.88
11.44,-35.424,0.88
11.465,-35.457,0.845
11.49,-35.434,0.868
11.515,-35.455,0.868
11.54,-35.483,0.891
11.565,-35.569,0.868
11.59,-35.597,0.868
11.615,-35.525,0.88
11.64,-35.538,0.88
11.665,-35.543,0.868
11.69,-35.515,0.927
11.715,-35.471,0.868
11.74,-35.515,0.891
11.765,-35.553,0.891
11.79,-35.622,0.927
11.814,-35.611,0.891
11.839,-35.52,0.891
11.864,-35.516,0.891
11.889,-35.524,0.868
11.914,-35.483,0.903
11.939,-35.436,0.938
11.964,-35.488,0.903
11.989,-35.516,0.903
12.014,-35.629,0.903
12.111,-35.921,0.915
12.136,-35.932,0.903
12.161,-35.939,0.915
12.186,-36.031,0.915
12.211,-36.089,0.938
12.236,-36.201,0.891
12.261,-36.211,0.915
12.286,-36.107,0.915
12.311,-36.121,0.927
12.336,-36.119,0.95
12.36,-36.091,0.938
12.385,-35.966,0.927
12.41,-35.807,0.927
12.435,-35.741,0.927
12.46,-35.704,0.95
12.485,-35.626,0.938
12.51,-35.467,0.915
12.535,-35.304,0.927
12.56,-35.229,0.927
12.585,-35.21,0.95
12.61,-35.145,0.938
12.635,-35.035,0.927
12.66,-34.995,0.927
12.685,-34.966,0.927
12.71,-35.014,0.95
12.735,-34.984,0.95
12.76,-34.933,0.927
12.785,-34.965,0.927
12.81,-34.989,0.95
12.835,-35.121,0.938
12.86,-35.137,0.95
12.885,-35.139,0.927
12.91,-35.225,0.927
12.935,-35.276,0.962
12.96,-35.415,0.915
12.984,-35.44,0.938
13.009,-35.414,0.962
13.105,-35.304,0.938
13.13,-35.156,0.962
13.155,-35.147,0.974
13.18,-35.167,0.974
13.205,-35.254,0.938
13.23,-35.211,0.95
13.255,-35.162,0.95
13.28,-35.206,0.974
13.305,-35.232,0.974
13.33,-35.364,0.962
13.355,-35.364,0.938
13.38,-35.37,0.974
13.405,-35.422,0.962
13.43,-35.439,0.938
13.455,-35.537,0.974
13.48,-35.501,0.962
13.504,-35.398,0.997
13.529,-35.282,0.938
13.554,-35.252,0.985
13.579,-35.272,0.962
13.604,-35.325,0.962
13.629,-35.294,0.985
13.654,-35.258,0.962
13.679,-35.303,0.962
13.704,-35.349,1.009
13.729,-35.463,0.997
13.754,-35.445,0.985
13.779,-35.406,0.974
13.804,-35.341,0.974
13.829,-35.334,0.985
13.854,-35.374,1.009
13.879,-35.388,1.021
13.904,-35.336,0.985
13.929,-35.25,0.985
13.954,-35.236,1.009
13.979,-35.25,1.021
14.004,-35.321,0.985
14.1,-35.473,1.021
14.125,-35.578,1.009
14.15,-35.594,1.009
14.175,-35.531,1.009
14.2,-35.428,1.032
14.225,-35.428,1.044
14.25,-35.459,1.009
14.275,-35.583,1.044
14.3,-35.57,1.044
14.325,-35.487,1.009
14.35,-35.35,1.021
14.375,-35.319,1.032
14.4,-35.331,1.044
14.425,-35.426,1.032
14.45,-35.398,1.021
14.475,-35.304,1.056
14.5,-35.195,1.032
14.525,-35.164,1.032
14.55,-35.183,1.032
14.575,-35.262,1.056
14.6,-35.328,1.067
14.625,-35.309,1.067
14.65,-35.303,1.032
14.674,-35.253,1.067
14.699,-35.289,1.067
14.724,-35.387,1.044
14.749,-35.546,1.044
14.774,-35.533,1.056
14.799,-35.452,1.056
14.824,-35.309,1.067
14.849,-35.269,1.056
14.874,-35.292,1.056
14.899,-35.389,1.067
14.924,-35.437,1.056
14.949,-35.401,1.056
14.974,-35.322,1.067
14.999,-35.15,1.091
15.024,-35.088,1.067
15.119,-34.985,1.067
15.144,-34.842,1.114
15.168,-34.822,1.056
15.193,-34.881,1.079
15.218,-35.02,1.079
15.243,-35.073,1.114
15.268,-35.058,1.114
15.293,-35.049,1.091
15.318,-34.909,1.091
15.343,-34.856,1.114
15.368,-34.903,1.079
15.393,-35.023,1.091
15.418,-35.136,1.091
15.443,-35.11,1.103
15.468,-35.04,1.079
15.493,-34.91,1.103
15.518,-34.852,1.103
15.543,-34.878,1.114
15.568,-34.992,1.079
15.593,-35.152,1.103
15.618,-35.238,1.091
15.643,-35.217,1.126
15.668,-35.192,1.138
15.693,-35.067,1.103
15.718,-34.989,1.114
15.743,-34.988,1.114
15.768,-35.088,1.126
15.792,-35.275,1.103
15.817,-35.324,1.138
15.842,-35.291,1.114
15.867,-35.279,1.15
15.892,-35.149,1.138
15.917,-35.099,1.126
15.942,-35.157,1.114
15.967,-35.313,1.15
15.992,-35.576,1.114
16.017,-35.73,1.126
16.114,-35.913,1.161
16.139,-36.153,1.138
16.164,-36.396,1.161
16.189,-36.669,1.161
16.214,-36.701,1.138
16.239,-36.64,1.138
16.264,-36.583,1.161
16.289,-36.413,1.138
16.314,-36.268,1.15
16.338,-36.216,1.15
16.363,-36.313,1.185
16.388,-36.47,1.15
16.413,-36.621,1.15
16.438,-36.57,1.15
16.463,-36.437,1.185
16.488,-36.305,1.185
16.513,-36.134,1.161
16.538,-35.933,1.161
16.563,-35.817,1.185
16.588,-35.852,1.161
16.613,-35.988,1.161
16.638,-36.19,1.173
16.663,-36.365,1.196
16.688,-36.32,1.185
16.713,-36.207,1.173
16.738,-36.103,1.173
16.763,-35.93,1.208
16.788,-35.741,1.173
16.813,-35.627,1.173
16.838,-35.655,1.173
16.863,-35.805,1.208
16.888,-36.025,1.208
16.913,-36.234,1.196
16.938,-36.307,1.196
16.962,-36.213,1.208
16.987,-36.049,1.196
17.012,-35.896,1.208
17.108,-36.164,1.208
17.133,-36.303,1.22
17.158,-36.417,1.232
17.183,-36.329,1.196
17.208,-36.146,1.232
17.233,-35.902,1.255
17.258,-35.71,1.255
17.283,-35.417,1.255
17.308,-35.089,1.22
17.333,-34.896,1.255
17.358,-34.879,1.243
17.383,-35.077,1.22
17.408,-35.333,1.243
17.433,-35.585,1.243
17.458,-35.935,1.243
17.482,-36.25,1.255
17.507,-36.373,1.232
17.532,-36.313,1.243
17.557,-36.13,1.243
17.582,-35.891,1.255
17.607,-35.692,1.279
17.632,-35.331,1.243
17.657,-34.99,1.232
17.682,-34.8,1.279
17.707,-34.808,1.29
17.732,-34.993,1.267
17.757,-35.285,1.267
17.782,-35.522,1.29
17.807,-35.858,1.267
17.832,-36.234,1.267
17.857,-36.515,1.279
17.882,-36.572,1.302
17.907,-36.422,1.267
17.932,-36.201,1.279
17.957,-35.918,1.29
17.982,-35.611,1.302
18.007,-35.381,1.314
18.102,-35.601,1.279
18.127,-35.902,1.302
18.152,-36.192,1.326
18.177,-36.447,1.302
18.202,-36.85,1.302
18.227,-37.269,1.326
18.252,-37.499,1.279
18.277,-37.46,1.279
18.302,-37.224,1.302
18.327,-36.907,1.302
18.352,-36.532,1.302
18.377,-36.123,1.29
18.402,-35.69,1.314
18.427,-35.321,1.314
18.452,-35.057,1.302
18.477,-34.693,1.337
18.502,-34.182,1.314
18.527,-33.699,1.314
18.552,-33.347,1.326
18.577,-33.232,1.302
18.602,-33.348,1.349
18.626,-33.634,1.314
18.651,-34.069,1.302
18.676,-34.6,1.337
18.701,-35.148,1.337
18.726,-35.548,1.29
18.751,-35.936,1.314
18.776,-36.437,1.326
18.801,-37.009,1.326
18.826,-37.655,1.349
18.851,-38.168,1.314
18.876,-38.428,1.326
18.901,-38.437,1.349
18.926,-38.199,1.314
18.951,-37.824,1.337
18.976,-37.401,1.326
19.001,-36.936,1.349
19.095,-36.102,1.349
19.12,-35.905,1.349
19.145,-35.935,1.349
19.17,-36.185,1.349
19.195,-36.59,1.337
19.22,-37.078,1.349
19.245,-37.613,1.361
19.27,-38.18,1.326
19.295,-38.712,1.337
19.32,-39.265,1.337
19.345,-39.606,1.372
19.37,-39.98,1.337
19.395,-40.373,1.337
19.42,-40.731,1.372
19.445,-41.019,1.326
19.47,-41.314,1.337
19.495,-41.666,1.337
19.52,-42.099,1.326
19.545,-42.665,1.349
19.57,-43.384,1.372
19.595,-44.141,1.337
19.62,-44.747,1.349
19.645,-45.073,1.372
19.67,-45.31,1.337
19.695,-45.197,1.349
19.72,-44.791,1.349
19.744,-44.372,1.349
19.769,-43.803,1.337
19.794,-43.139,1.337
19.819,-42.38,1.349
19.844,-41.549,1.326
19.869,-40.688,1.326
19.894,-39.847,1.349
19.919,-39.032,1.349
19.944,-38.286,1.349
19.969,-37.604,1.349
19.994,-36.961,1.349
20.019,-36.302,1.349
20.115,-34.83,1.372
20.14,-34.083,1.349
20.165,-33.398,1.349
20.19,-32.785,1.337
20.215,-32.278,1.361
20.24,-31.905,1.349
20.264,-31.67,1.349
20.289,-31.449,1.372
20.314,-31.283,1.326
20.339,-31.247,1.372
20.364,-31.364,1.349
20.389,-31.642,1.372
20.414,-32.076,1.361
20.439,-32.652,1.372
20.464,-33.279,1.349
20.489,-33.859,1.349
20.514,-34.524,1.372
20.539,-35.194,1.372
20.564,-35.879,1.337
20.589,-36.605,1.349
20.614,-37.339,1.349
20.639,-38.032,1.349
20.664,-38.64,1.337
20.689,-39.236,1.349
20.714,-39.777,1.372
20.739,-40.204,1.349
20.764,-40.49,1.337
20.789,-40.661,1.349
20.814,-40.808,1.349
20.839,-40.976,1.349
20.864,-41.245,1.349
20.888,-41.631,1.349
20.913,-42.135,1.372
20.938,-42.736,1.372
20.963,-43.37,1.349
20.988,-43.909,1.349
21.013,-44.28,1.372
21.111,-44.451,1.337
21.136,-43.745,1.372
21.161,-42.87,1.372
21.186,-41.89,1.326
21.211,-40.848,1.337
21.236,-39.812,1.372
21.261,-38.814,1.361
21.286,-37.853,1.372
21.311,-36.958,1.337
21.336,-36.103,1.349
21.361,-35.282,1.349
21.386,-34.514,1.372
21.411,-33.754,1.372
21.436,-32.996,1.337
21.46,-32.254,1.349
21.485,-31.556,1.372
21.51,-30.935,1.372
21.535,-30.416,1.361
21.56,-30.006,1.337
21.585,-29.604,1.349
21.61,-29.254,1.349
21.635,-28.993,1.349
21.66,-28.81,1.372
21.685,-28.648,1.337
21.71,-28.472,1.349
21.735,-28.24,1.372
21.76,-27.943,1.372
21.785,-27.568,1.337
21.81,-27.116,1.337
21.835,-26.631,1.349
21.86,-26.157,1.372
21.885,-25.684,1.349
21.91,-25.245,1.337
21.935,-24.869,1.337
21.96,-24.55,1.337
21.985,-24.274,1.372
22.01,-24.095,1.337
22.105,-24.295,1.372
22.13,-25.001,1.372
22.155,-25.927,1.349
22.18,-27.001,1.349
22.205,-28.118,1.372
22.23,-29.253,1.337
22.255,-30.339,1.349
22.28,-31.367,1.349
22.305,-32.287,1.372
22.33,-33.06,1.337
22.355,-33.671,1.349
22.38,-34.153,1.372
22.405,-34.529,1.372
22.43,-34.857,1.337
22.455,-35.242,1.349
22.48,-35.684,1.337
22.505,-36.25,1.349
22.53,-36.957,1.372
22.555,-37.599,1.361
22.58,-38.297,1.337
22.604,-39.061,1.349
22.629,-39.905,1.372
22.654,-40.773,1.326
22.679,-41.608,1.326
22.704,-42.531,1.349
22.729,-43.236,1.372
22.754,-43.676,1.326
22.779,-43.914,1.326
22.804,-43.888,1.349
22.829,-43.56,1.349
22.854,-43.091,1.337
22.879,-42.45,1.361
22.904,-41.707,1.349
22.929,-40.99,1.384
22.954,-40.264,1.372
22.979,-39.563,1.372
23.004,-38.876,1.349
23.098,-37.636,1.372
23.123,-36.766,1.361
23.148,-35.862,1.372
23.173,-35.003,1.361
23.198,-34.188,1.349
23.223,-33.428,1.349
23.248,-32.749,1.372
23.273,-32.158,1.372
23.298,-31.69,1.337
23.323,-31.354,1.349
23.348,-31.183,1.372
23.373,-31.182,1.337
23.398,-31.349,1.337
23.423,-31.674,1.349
23.448,-32.147,1.372
23.473,-32.716,1.326
23.498,-33.382,1.361
23.523,-34.104,1.349
23.548,-34.876,1.372
23.573,-35.628,1.372
23.598,-36.387,1.326
23.623,-37.143,1.349
23.648,-37.875,1.372
23.673,-38.613,1.349
23.698,-39.334,1.349
23.722,-40.014,1.372
23.747,-40.655,1.361
23.772,-41.201,1.384
23.797,-41.621,1.337
23.822,-41.906,1.349
23.847,-42.071,1.396
23.872,-42.174,1.372
23.897,-42.315,1.349
23.922,-42.559,1.361
23.947,-42.944,1.361
23.972,-43.439,1.361
23.997,-44.065,1.384
24.022,-44.679,1.349
24.12,-45.605,1.372
24.145,-45.148,1.349
24.17,-44.415,1.384
24.195,-43.495,1.384
24.22,-42.489,1.372
24.245,-41.419,1.361
24.27,-40.319,1.361
24.294,-39.235,1.372
24.319,-38.201,1.384
24.344,-37.213,1.349
24.369,-36.355,1.372
24.394,-35.512,1.372
24.419,-34.703,1.361
24.444,-33.971,1.361
24.469,-33.257,1.361
24.494,-32.556,1.361
24.519,-31.88,1.372
24.544,-31.235,1.337
24.569,-30.594,1.349
24.594,-29.993,1.361
24.619,-29.377,1.384
24.644,-28.77,1.361
24.669,-28.157,1.361
24.694,-27.573,1.384
24.719,-27.052,1.384
24.744,-26.646,1.361
24.769,-26.328,1.361
24.794,-26.174,1.361
24.819,-26.07,1.361
24.844,-26.024,1.372
24.869,-25.955,1.361
24.894,-25.992,1.372
24.918,-26.037,1.384
24.943,-26.037,1.337
24.968,-25.971,1.384
24.993,-25.846,1.372
25.018,-25.62,1.384
25.114,-25.281,1.384
25.139,-25.967,1.361
25.164,-26.877,1.384
25.189,-27.898,1.337
25.214,-28.998,1.361
25.239,-30.138,1.361
25.264,-31.259,1.384
25.289,-32.364,1.361
25.314,-33.443,1.372
25.339,-34.481,1.384
25.364,-35.483,1.372
25.389,-36.436,1.361
25.414,-37.368,1.361
25.438,-38.256,1.361
25.463,-39.099,1.396
25.488,-39.864,1.361
25.513,-40.522,1.361
25.538,-41.042,1.384
25.563,-41.429,1.361
25.588,-41.66,1.384
25.613,-41.795,1.396
25.638,-41.902,1.337
25.663,-42.013,1.361
25.688,-42.179,1.384
25.713,-42.485,1.372
25.738,-42.933,1.384
25.763,-43.501,1.372
25.788,-44.022,1.361
25.813,-44.585,1.361
25.838,-45.217,1.361
25.863,-45.903,1.361
25.888,-46.574,1.361
25.913,-47.16,1.396
25.938,-47.607,1.361
25.963,-47.833,1.361
25.988,-47.804,1.384
26.013,-47.594,1.384
26.109,-47.415,1.361
26.134,-46.501,1.361
26.159,-45.477,1.361
26.184,-44.399,1.384
26.209,-43.283,1.361
26.234,-42.158,1.384
26.259,-41.05,1.372
26.284,-39.954,1.337
26.309,-38.888,1.361
26.334,-37.847,1.396
26.359,-36.813,1.396
26.384,-35.834,1.384
26.409,-34.904,1.361
26.434,-34.071,1.361
26.459,-33.365,1.372
26.484,-32.773,1.372
26.509,-32.286,1.384
26.534,-31.88,1.337
26.559,-31.484,1.361
26.584,-31.041,1.361
26.608,-30.555,1.384
26.633,-30.017,1.361
26.658,-29.443,1.372
26.683,-28.927,1.372
26.708,-28.386,1.384
26.733,-27.811,1.372
26.758,-27.241,1.361
26.783,-26.707,1.361
26.808,-26.225,1.361
26.833,-25.809,1.384
26.858,-25.466,1.396
26.883,-25.231,1.372
26.908,-25.111,1.361
26.933,-25.116,1.384
26.958,-25.279,1.361
26.983,-25.6,1.372
27.008,-26.105,1.372
27.105,-26.952,1.396
27.13,-27.823,1.361
27.154,-28.789,1.396
27.179,-29.728,1.396
27.204,-30.568,1.408
27.229,-31.251,1.372
27.254,-31.795,1.396
27.279,-32.232,1.384
27.304,-32.631,1.361
27.329,-33.08,1.372
27.354,-33.662,1.372
27.379,-34.393,1.372
27.404,-35.35,1.372
27.429,-36.43,1.361
27.454,-37.547,1.372
27.479,-38.569,1.372
27.504,-39.383,1.361
27.529,-39.94,1.372
27.554,-40.542,1.372
27.579,-41.019,1.372
27.604,-41.299,1.384
27.629,-41.399,1.361
27.654,-41.261,1.372
27.679,-40.977,1.372
27.704,-40.492,1.396
27.729,-39.867,1.396
27.754,-39.135,1.372
27.778,-38.337,1.372
27.803,-37.492,1.372
27.828,-36.662,1.361
27.853,-35.826,1.372
27.878,-34.999,1.372
27.903,-34.197,1.384
27.928,-33.44,1.361
27.953,-32.697,1.361
27.978,-32.011,1.361
28.003,-31.358,1.372
28.098,-29.782,1.361
28.123,-29.082,1.372
28.148,-28.424,1.384
28.173,-27.855,1.361
28.198,-27.358,1.372
28.223,-26.957,1.372
28.248,-26.667,1.384
28.272,-26.491,1.396
28.297,-26.471,1.372
28.322,-26.598,1.372
28.347,-26.926,1.396
28.372,-27.455,1.361
28.397,-28.146,1.361
28.422,-28.951,1.361
28.447,-29.743,1.372
28.472,-30.595,1.384
28.497,-31.454,1.372
28.522,-32.353,1.372
28.547,-33.256,1.372
28.572,-34.172,1.396
28.597,-35.077,1.396
28.622,-35.953,1.361
28.647,-36.809,1.384
28.672,-37.644,1.396
28.697,-38.48,1.361
28.722,-39.298,1.361
28.747,-40.074,1.372
28.772,-40.789,1.372
28.797,-41.404,1.372
28.822,-41.867,1.361
28.847,-42.325,1.361
28.872,-42.736,1.396
28.896,-43.029,1.361
28.921,-43.2,1.408
28.946,-43.242,1.384
28.971,-43.209,1.396
28.996,-43.125,1.396
29.021,-43.089,1.361
29.118,-43.853,1.372
29.143,-43.374,1.361
29.168,-42.702,1.396
29.193,-41.868,1.372
29.218,-40.932,1.384
29.243,-39.938,1.408
29.268,-38.917,1.408
29.293,-37.902,1.372
29.318,-36.934,1.396
29.343,-36.021,1.396
29.368,-35.114,1.372
29.393,-34.21,1.372
29.418,-33.329,1.396
29.442,-32.471,1.408
29.467,-31.654,1.408
29.492,-30.867,1.396
29.517,-30.124,1.396
29.542,-29.418,1.408
29.567,-28.75,1.361
29.592,-28.119,1.372
29.617,-27.531,1.372
29.642,-26.987,1.384
29.667,-26.462,1.384
29.692,-25.964,1.372
29.717,-25.47,1.372
29.742,-25.022,1.372
29.767,-24.588,1.372
29.792,-24.179,1.372
29.817,-23.793,1.384
29.842,-23.407,1.396
29.867,-23.02,1.408
29.892,-22.632,1.384
29.917,-22.254,1.396
29.942,-21.869,1.408
29.967,-21.485,1.372
29.992,-21.135,1.396
30.017,-20.813,1.408
30.112,-19.265,1.408
30.137,-19.156,1.384
30.162,-19.113,1.372
30.187,-19.098,1.384
30.212,-19.039,1.372
30.237,-18.985,1.408
30.262,-18.919,1.384
30.287,-18.858,1.384
30.312,-18.817,1.384
30.337,-18.78,1.384
30.362,-18.747,1.384
30.387,-18.74,1.396
30.412,-18.749,1.361
30.437,-18.783,1.384
30.462,-18.844,1.384
30.487,-18.933,1.396
30.512,-19.064,1.384
30.537,-19.223,1.384
30.562,-19.423,1.419
30.586,-19.573,1.384
30.611,-19.72,1.384
30.636,-19.871,1.408
30.661,-20.046,1.361
30.686,-20.245,1.372
30.711,-20.491,1.396
30.736,-20.766,1.361
30.761,-21.103,1.361
30.786,-21.509,1.396
30.811,-22,1.408
30.836,-22.578,1.384
30.861,-23.262,1.361
30.886,-24.043,1.408
30.911,-24.914,1.361
30.936,-25.891,1.408
30.961,-26.945,1.384
30.986,-27.904,1.396
31.011,-28.824,1.384
31.107,-30.746,1.384
31.132,-31.998,1.384
31.157,-33.254,1.384
31.182,-34.473,1.408
31.207,-35.618,1.384
31.232,-36.651,1.384
31.257,-37.539,1.384
31.282,-38.274,1.372
31.307,-38.844,1.396
31.332,-39.254,1.408
31.357,-39.527,1.372
31.382,-39.704,1.384
31.407,-39.794,1.396
31.432,-39.862,1.408
31.457,-39.952,1.361
31.482,-40.006,1.396
31.507,-40.018,1.419
31.532,-40.024,1.419
31.557,-40.049,1.384
31.582,-40.131,1.384
31.607,-40.322,1.419
31.632,-40.608,1.408
31.657,-40.981,1.419
31.682,-41.448,1.396
31.707,-42.031,1.396
31.732,-42.66,1.396
31.756,-43.364,1.408
31.781,-44.099,1.372
31.806,-44.882,1.396
31.831,-45.696,1.396
31.856,-46.506,1.419
31.881,-47.339,1.419
31.906,-48.063,1.396
31.931,-48.784,1.419
31.956,-49.479,1.384
31.981,-50.13,1.384
32.006,-50.764,1.396
32.104,-52.284,1.396
32.129,-51.75,1.372
32.154,-50.889,1.396
32.179,-49.836,1.408
32.204,-48.664,1.396
32.229,-47.423,1.396
32.254,-46.146,1.396
32.279,-44.849,1.408
32.304,-43.553,1.431
32.328,-42.264,1.396
32.353,-41.09,1.396
32.378,-39.972,1.408
32.403,-38.912,1.408
32.428,-37.927,1.419
32.453,-36.961,1.408
32.478,-36.001,1.431
32.503,-35.048,1.431
32.528,-34.112,1.396
32.553,-33.242,1.396
32.578,-32.395,1.431
32.603,-31.554,1.396
32.628,-30.742,1.396
32.653,-29.947,1.431
32.678,-29.167,1.396
32.703,-28.415,1.419
32.728,-27.674,1.408
32.753,-26.951,1.443
32.778,-26.352,1.408
32.803,-25.797,1.419
32.828,-25.287,1.419
32.853,-24.834,1.443
32.878,-24.406,1.408
32.903,-24.004,1.419
32.928,-23.653,1.419
32.952,-23.35,1.408
32.977,-23.087,1.408
33.002,-22.883,1.419
33.1,-22.108,1.443
33.125,-21.75,1.419
33.15,-21.371,1.443
33.175,-21.007,1.419
33.2,-20.686,1.419
33.225,-20.427,1.443
33.25,-20.419,1.419
33.275,-20.632,1.431
33.3,-21.065,1.443
33.325,-21.712,1.408
33.35,-22.565,1.419
33.375,-23.595,1.443
33.4,-24.774,1.443
33.425,-26.024,1.419
33.45,-27.33,1.419
33.475,-28.617,1.443
33.5,-29.819,1.408
33.524,-30.914,1.431
33.549,-31.863,1.443
33.574,-32.698,1.443
33.599,-33.342,1.419
33.624,-33.82,1.443
33.649,-34.138,1.443
33.674,-34.446,1.419
33.699,-34.799,1.431
33.724,-35.264,1.419
33.749,-35.837,1.431
33.774,-36.538,1.419
33.799,-37.342,1.431
33.824,-38.206,1.431
33.849,-39.125,1.443
33.874,-40.053,1.455
33.899,-40.962,1.419
33.924,-41.834,1.443
33.949,-42.669,1.455
33.974,-43.44,1.455
33.999,-44.189,1.443
34.024,-44.912,1.431
34.122,-46.232,1.431
34.147,-46.904,1.443
34.172,-47.502,1.431
34.197,-47.999,1.455
34.222,-48.36,1.443
34.247,-48.568,1.443
34.272,-48.606,1.455
34.297,-48.461,1.455
34.322,-48.171,1.419
34.347,-47.737,1.443
34.372,-47.159,1.443
34.397,-46.486,1.466
34.422,-45.729,1.431
34.447,-44.907,1.443
34.472,-44.01,1.443
34.497,-43.032,1.466
34.522,-41.992,1.466
34.547,-40.931,1.443
34.572,-39.901,1.466
34.597,-38.924,1.466
34.622,-38.009,1.466
34.647,-37.183,1.443
34.672,-36.453,1.443
34.697,-35.832,1.455
34.722,-35.336,1.478
34.746,-34.917,1.455
34.771,-34.508,1.466
34.796,-34.052,1.466
34.821,-33.497,1.466
34.846,-32.839,1.443
34.871,-32.099,1.455
34.896,-31.307,1.478
34.921,-30.513,1.466
34.946,-29.741,1.455
34.971,-28.977,1.455
34.996,-28.231,1.478
35.021,-27.505,1.455
35.116,-25.902,1.478
35.141,-25.237,1.478
35.166,-24.534,1.455
35.191,-23.818,1.455
35.216,-23.13,1.49
35.24,-22.48,1.49
35.265,-21.89,1.466
35.29,-21.364,1.49
35.315,-20.869,1.49
35.34,-20.386,1.49
35.365,-19.917,1.455
35.39,-19.542,1.466
35.415,-19.381,1.49
35.44,-19.421,1.466
35.465,-19.987,1.466
35.49,-20.879,1.466
35.515,-21.922,1.466
35.54,-22.951,1.49
35.565,-23.863,1.455
35.59,-24.526,1.466
35.615,-25.089,1.49
35.64,-25.682,1.49
35.665,-26.496,1.466
35.69,-27.458,1.49
35.715,-28.482,1.49
35.74,-29.367,1.49
35.765,-30.388,1.466
35.79,-31.455,1.466
35.815,-32.294,1.49
35.84,-32.853,1.478
35.864,-33.288,1.466
35.889,-33.591,1.478
35.914,-33.778,1.49
35.939,-33.836,1.455
35.964,-33.785,1.501
35.989,-33.71,1.478
36.014,-33.659,1.455
36.111,-33.374,1.466
36.136,-33.187,1.478
36.161,-32.766,1.466
36.186,-32.183,1.478
36.211,-31.51,1.478
36.236,-30.769,1.501
36.261,-30.028,1.478
36.286,-29.199,1.501
36.311,-28.529,1.501
36.336,-27.975,1.466
36.361,-27.819,1.478
36.386,-27.901,1.501
36.41,-28.231,1.478
36.435,-28.76,1.513
36.46,-29.174,1.478
36.485,-29.469,1.501
36.51,-29.285,1.49
36.535,-29.286,1.478
36.56,-29.427,1.513
36.585,-29.44,1.501
36.61,-29.349,1.49
36.635,-29.12,1.49
36.66,-28.885,1.513
36.685,-28.733,1.49
36.71,-28.574,1.49
36.735,-28.7,1.501
36.76,-28.991,1.478
36.785,-29.354,1.49
36.81,-29.751,1.478
36.835,-30.022,1.513
36.86,-30.03,1.478
36.885,-29.783,1.49
36.91,-29.42,1.49
36.935,-28.971,1.513
36.96,-28.411,1.478
36.985,-28.037,1.478
37.01,-27.91,1.513
37.106,-28.766,1.49
37.131,-29.138,1.501
37.156,-29.499,1.513
37.181,-29.665,1.513
37.206,-29.818,1.501
37.231,-30.231,1.501
37.256,-30.824,1.525
37.281,-31.515,1.478
37.306,-32.129,1.501
37.331,-32.802,1.525
37.356,-33.224,1.49
37.381,-33.617,1.525
37.406,-34.014,1.513
37.431,-34.309,1.525
37.456,-34.544,1.49
37.481,-34.576,1.49
37.506,-34.256,1.513
37.531,-33.728,1.513
37.556,-33.103,1.49
37.58,-32.326,1.501
37.605,-31.491,1.49
37.63,-30.704,1.537
37.655,-30.075,1.49
37.68,-29.725,1.501
37.705,-29.668,1.501
37.73,-29.742,1.513
37.755,-29.736,1.478
37.78,-29.809,1.49
37.805,-30.206,1.525
37.83,-30.814,1.513
37.855,-31.536,1.49
37.88,-32.296,1.513
37.905,-32.864,1.525
37.93,-33.248,1.49
37.955,-33.491,1.501
37.98,-33.567,1.513
38.005,-33.674,1.513
38.102,-33.496,1.466
38.126,-33.317,1.49
38.151,-32.79,1.466
38.176,-32.165,1.466
38.201,-31.4,1.443
38.226,-30.545,1.466
38.251,-29.567,1.431
38.276,-28.638,1.431
38.301,-27.86,1.443
38.326,-27.458,1.384
38.351,-27.345,1.396
38.376,-27.497,1.396
38.401,-27.708,1.384
38.426,-27.806,1.361
38.451,-27.763,1.396
38.476,-27.675,1.396
38.501,-27.667,1.396
38.526,-27.852,1.372
38.551,-28.254,1.361
38.576,-28.895,1.384
38.601,-29.907,1.337
38.626,-31.018,1.361
38.651,-32.206,1.349
38.676,-33.43,1.349
38.701,-34.653,1.314
38.726,-35.872,1.337
38.75,-37.07,1.29
38.775,-38.229,1.29
38.8,-39.354,1.302
38.825,-40.62,1.302
38.85,-41.761,1.314
38.875,-42.791,1.267
38.9,-43.719,1.29
38.925,-44.541,1.255
38.95,-45.253,1.279
38.975,-45.847,1.22
39,-46.274,1.22
39.097,-47.703,1.138
39.122,-47.428,1.185
39.147,-46.893,1.126
39.172,-46.122,1.161
39.197,-45.242,1.15
39.222,-44.345,1.103
39.247,-43.433,1.079
39.272,-42.538,1.091
39.296,-41.775,1.067
39.321,-41.008,1.067
39.346,-40.158,1.044
39.371,-39.454,1.021
39.396,-39.067,0.985
39.421,-38.943,1.009
39.446,-38.97,0.974
39.471,-39.014,0.985
39.496,-39.294,0.938
39.521,-39.4,0.938
39.546,-39.227,0.938
39.571,-38.951,0.927
39.596,-38.661,0.891
39.621,-38.294,0.868
39.646,-38.023,0.88
39.671,-37.892,0.821
39.696,-37.827,0.833
39.721,-37.876,0.798
39.746,-37.822,0.774
39.771,-37.693,0.751
39.796,-37.568,0.739
39.821,-37.378,0.751
39.846,-37.302,0.716
39.871,-37.239,0.657
39.896,-37.202,0.645
39.92,-37.09,0.645
39.945,-36.982,0.587
39.97,-36.951,0.575
39.995,-36.908,0.528
40.02,-36.939,0.504
40.117,-37.075,0.364
40.142,-37.02,0.375
40.167,-36.891,0.305
40.192,-36.843,0.27
40.217,-36.792,0.235
40.242,-36.721,0.199
40.267,-36.649,0.152
40.292,-36.541,0.117
40.317,-36.443,0.07
40.342,-36.38,0.023
40.367,-36.295,0.012
40.392,-36.208,0
40.417,-36.174,0
40.442,-36.127,0
40.466,-36.041,0
40.491,-35.947,0
40.516,-35.877,0
40.541,-35.843,0
40.566,-35.787,0
40.591,-35.777,0
40.616,-35.715,0
40.641,-35.666,0
40.666,-35.587,0
40.691,-35.538,0
40.716,-35.473,0
40.741,-35.435,0
40.766,-35.357,0
40.791,-35.319,0
40.816,-35.233,0
40.841,-35.202,0
40.866,-35.136,0
40.891,-35.124,0
40.916,-35.092,0
40.941,-35.088,0
40.966,-35.064,0
40.991,-35.067,0
41.016,-35.092,0
41.113,-35.09,0
41.138,-35.159,0
41.163,-35.17,0
41.188,-35.163,0
41.213,-35.145,0
41.238,-35.117,0
41.263,-35.154,0
41.288,-35.145,0
41.313,-35.179,0
41.338,-35.188,0
41.363,-35.161,0
41.388,-35.141,0
41.413,-35.128,0
41.438,-35.107,0
41.463,-35.092,0
41.488,-35.076,0
41.513,-35.067,0
41.538,-35.066,0
41.563,-35.052,0
41.588,-35.036,0
41.613,-35.049,0
41.638,-35.073,0
41.662,-35.07,0
41.687,-35.078,0
41.712,-35.091,0
41.737,-35.107,0
41.762,-35.112,0
41.787,-35.111,0
41.812,-35.109,0
41.837,-35.108,0
41.862,-35.11,0
41.887,-35.123,0
41.912,-35.138,0
41.937,-35.138,0
41.962,-35.138,0
41.987,-35.147,0
42.012,-35.174,0
42.108,-35.212,0
42.133,-35.232,0
42.158,-35.26,0
42.182,-35.266,0
42.207,-35.284,0
42.232,-35.296,0
42.257,-35.289,0
42.282,-35.282,0
42.307,-35.285,0
42.332,-35.281,0
42.357,-35.272,0
42.382,-35.264,0
42.407,-35.268,0
42.432,-35.275,0
42.457,-35.341,0
42.482,-35.402,0
42.507,-35.41,0
42.532,-35.582,0
42.557,-35.736,0
42.582,-35.785,0
42.607,-35.731,0
42.632,-35.786,0
42.657,-35.896,0
42.682,-35.927,0
42.707,-35.877,0
42.732,-35.829,0
42.757,-35.792,0
42.782,-35.785,0
42.806,-35.772,0
42.831,-35.761,0
42.856,-35.74,0
42.881,-35.716,0
42.906,-35.695,0
42.931,-35.696,0
42.956,-35.699,0
42.981,-35.702,0
43.006,-35.698,0
43.102,-35.746,0
43.127,-35.751,0
43.152,-35.755,0
43.177,-35.75,0
43.202,-35.732,0
43.227,-35.706,0
43.252,-35.693,0
43.277,-35.686,0
43.302,-35.679,0
43.326,-35.676,0
43.351,-35.669,0
43.376,-35.646,0
43.401,-35.62,0
43.426,-35.601,0
43.451,-35.595,0
43.476,-35.597,0
43.501,-35.597,0
43.526,-35.597,0
43.551,-35.59,0
43.576,-35.587,0
43.601,-35.587,0
43.626,-35.594,0
43.651,-35.594,0
43.676,-35.591,0
43.701,-35.593,0
43.726,-35.6,0
43.751,-35.594,0
43.776,-35.593,0
NaN,NaN,NaN
0.004,-0.003,0.012
0.084,-0.143,0
0.107,-0.26,0
0.13,-0.389,0
0.153,-0.529,0
0.176,-0.68,0
0.199,-0.842,0
0.222,-1.015,0
0.244,-1.197,0
0.267,-1.388,0
0.29,-1.589,0
0.313,-1.8,0
0.336,-2.021,0
0.359,-2.251,0
0.382,-2.49,0
0.405,-2.751,0
0.428,-3.033,0
0.45,-3.337,0
0.473,-3.661,0
0.496,-4.009,0
0.519,-4.378,0
0.542,-4.77,0
0.565,-5.182,0
0.588,-5.619,0
0.611,-6.076,0
0.633,-6.555,0
0.656,-7.055,0
0.679,-7.573,0
0.702,-8.11,0
0.725,-8.668,0
0.748,-9.243,0
0.771,-9.831,0
0.794,-10.434,0
0.818,-11.059,0
0.841,-11.698,0
0.865,-12.351,0
0.889,-13.015,0
0.913,-13.69,0
0.937,-14.372,0
0.961,-15.059,0
0.985,-15.748,0
1.009,-16.439,0
1.103,-17.618,0
1.127,-18.39,0
1.151,-19.154,0
1.175,-19.9,0
1.199,-20.63,0
1.223,-21.349,0
1.247,-22.053,0
1.271,-22.746,0
1.295,-23.427,0
1.319,-24.09,0
1.343,-24.735,0
1.367,-25.357,0
1.391,-25.963,0
1.414,-26.552,0
1.438,-27.128,0
1.462,-27.686,0
1.486,-28.231,0
1.51,-28.749,0
1.534,-29.253,0
1.558,-29.741,0
1.582,-30.21,0
1.606,-30.663,0
1.63,-31.099,0
1.654,-31.513,0
1.678,-31.917,0
1.702,-32.299,0
1.725,-32.664,0
1.749,-33.018,0
1.773,-33.355,0
1.797,-33.677,0
1.821,-33.99,0
1.845,-34.285,0
1.869,-34.564,0
1.893,-34.829,0
1.917,-35.084,0
1.941,-35.321,0
1.965,-35.545,0
1.989,-35.755,0
2.012,-35.96,0
2.107,-36.818,0
2.131,-36.934,0
2.155,-37.041,0
2.179,-37.152,0
2.203,-37.252,0
2.227,-37.339,0
2.251,-37.429,0
2.275,-37.52,0
2.298,-37.619,0
2.322,-37.709,0
2.346,-37.794,0
2.37,-37.858,0
2.394,-37.921,0
2.418,-37.986,0
2.442,-38.045,0
2.466,-38.1,0
2.49,-38.144,0
2.514,-38.188,0
2.538,-38.219,0
2.562,-38.251,0
2.586,-38.287,0
2.609,-38.313,0
2.633,-38.344,0
2.657,-38.372,0
2.681,-38.399,0
2.705,-38.418,0
2.729,-38.441,0
2.753,-38.464,0
2.777,-38.485,0
2.801,-38.496,0
2.825,-38.502,0
2.849,-38.496,0
2.873,-38.497,0
2.896,-38.497,0
2.92,-38.499,0
2.944,-38.494,0
2.968,-38.497,0
2.992,-38.498,0
3.016,-38.488,0
3.111,-38.957,0
3.135,-38.88,0
3.159,-38.813,0
3.182,-38.746,0
3.206,-38.681,0
3.23,-38.625,0
3.254,-38.57,0
3.278,-38.515,0
3.302,-38.469,0
3.326,-38.435,0
3.35,-38.402,0
3.374,-38.355,0
3.398,-38.304,0
3.422,-38.26,0
3.446,-38.209,0
3.47,-38.165,0
3.493,-38.124,0
3.517,-38.081,0
3.541,-38.046,0
3.565,-38.012,0
3.589,-37.978,0
3.613,-37.951,0
3.637,-37.919,0
3.661,-37.889,0
3.685,-37.855,0
3.709,-37.82,0
3.733,-37.792,0
3.757,-37.765,0
3.78,-37.737,0
3.804,-37.71,0
3.828,-37.689,0
3.852,-37.667,0
3.876,-37.642,0
3.9,-37.611,0
3.924,-37.572,0
3.948,-37.532,0
3.972,-37.493,0
3.996,-37.461,0
4.02,-37.428,0
4.114,-37.683,0
4.138,-37.613,0
4.162,-37.56,0
4.186,-37.512,0
4.21,-37.471,0
4.234,-37.437,0
4.258,-37.404,0
4.282,-37.368,0
4.306,-37.338,0
4.33,-37.303,0
4.354,-37.267,0
4.377,-37.229,0
4.401,-37.192,0
4.425,-37.153,0
4.449,-37.106,0
4.473,-37.052,0
4.497,-37.009,0
4.521,-36.966,0
4.545,-36.925,0
4.569,-36.886,0
4.593,-36.855,0
4.617,-36.828,0
4.641,-36.805,0
4.664,-36.768,0
4.688,-36.735,0
4.712,-36.701,0
4.736,-36.663,0
4.76,-36.623,0
4.784,-36.585,0
4.808,-36.563,0
4.832,-36.545,0
4.856,-36.53,0
4.88,-36.505,0
4.904,-36.478,0
4.928,-36.461,0
4.952,-36.438,0
4.975,-36.429,0
4.999,-36.421,0
5.023,-36.403,0
5.118,-36.539,0
5.142,-36.502,0
5.166,-36.458,0
5.19,-36.411,0
5.214,-36.366,0
5.238,-36.327,0
5.261,-36.297,0
5.285,-36.264,0
5.309,-36.226,0
5.333,-36.198,0
5.357,-36.175,0
5.381,-36.16,0
5.405,-36.154,0
5.429,-36.151,0
5.453,-36.136,0.012
5.477,-36.121,0
5.501,-36.109,0
5.525,-36.092,0.012
5.548,-36.068,0.012
5.572,-36.045,0.023
5.596,-36.042,0.035
5.62,-36.047,0.059
5.644,-36.048,0.082
5.668,-36.036,0.094
5.692,-36.013,0.129
5.716,-36.002,0.141
5.74,-35.977,0.176
5.764,-35.947,0.199
5.788,-35.916,0.223
5.812,-35.899,0.246
5.836,-35.882,0.258
5.859,-35.858,0.282
5.883,-35.825,0.293
5.907,-35.784,0.317
5.931,-35.765,0.34
5.955,-35.741,0.352
5.979,-35.724,0.364
6.003,-35.721,0.399
6.098,-35.787,0.457
6.122,-35.747,0.481
6.145,-35.723,0.493
6.169,-35.686,0.516
6.193,-35.653,0.54
6.217,-35.621,0.563
6.241,-35.579,0.598
6.265,-35.646,0.622
6.289,-35.676,0.61
6.313,-35.704,0.61
6.337,-35.728,0.669
6.361,-35.764,0.68
6.385,-35.904,0.692
6.409,-35.916,0.692
6.432,-35.905,0.739
6.456,-35.878,0.739
6.48,-35.931,0.727
6.504,-35.96,0.762
6.528,-35.925,0.762
6.552,-35.915,0.774
6.576,-35.921,0.786
6.6,-36.012,0.762
6.624,-35.967,0.809
6.648,-36.035,0.833
6.672,-36.242,0.798
6.696,-36.356,0.856
6.72,-36.394,0.88
6.743,-36.509,0.868
6.767,-36.569,0.856
6.791,-36.555,0.903
6.815,-36.539,0.891
6.839,-36.518,0.903
6.863,-36.421,0.95
6.887,-36.331,0.95
6.911,-36.24,0.974
6.935,-36.186,0.962
6.959,-36.086,0.997
6.983,-36.114,0.962
7.007,-36.091,0.985
7.101,-36.102,1.021
7.125,-36.018,1.067
7.149,-35.972,1.056
7.173,-36.026,1.044
7.197,-36.036,1.067
7.221,-36.066,1.079
7.245,-36.165,1.091
7.269,-36.185,1.091
7.293,-36.162,1.126
7.316,-36.149,1.114
7.34,-36.188,1.114
7.364,-36.146,1.103
7.388,-36.11,1.103
7.412,-36.178,1.138
7.436,-36.17,1.126
7.46,-36.14,1.138
7.484,-36.101,1.138
7.508,-36.071,1.138
7.532,-36.018,1.15
7.556,-35.953,1.138
7.58,-36.107,1.15
7.604,-36.203,1.138
7.627,-36.224,1.173
7.651,-36.047,1.161
7.675,-36.021,1.161
7.699,-36.089,1.173
7.723,-36.026,1.161
7.747,-35.919,1.185
7.771,-36.05,1.15
7.795,-36.096,1.161
7.819,-36.145,1.173
7.843,-36.014,1.15
7.867,-35.71,1.173
7.891,-35.661,1.208
7.914,-35.686,1.173
7.938,-35.713,1.173
7.962,-35.576,1.185
7.986,-35.479,1.196
8.01,-35.485,1.173
8.105,-35.148,1.173
8.129,-34.762,1.185
8.153,-34.676,1.185
8.177,-34.76,1.196
8.2,-35.102,1.208
8.224,-35.139,1.185
8.248,-35.014,1.185
8.272,-34.822,1.173
8.296,-34.795,1.196
8.32,-34.953,1.208
8.344,-35.132,1.196
8.368,-35.348,1.196
8.392,-35.318,1.208
8.416,-35.063,1.196
8.44,-34.704,1.208
8.464,-34.576,1.196
8.488,-34.663,1.232
8.511,-34.842,1.232
8.535,-35.199,1.196
8.559,-35.218,1.196
8.583,-35.024,1.232
8.607,-34.857,1.208
8.631,-34.704,1.22
8.655,-34.764,1.196
8.679,-34.994,1.232
8.703,-35.306,1.22
8.727,-35.529,1.22
8.751,-35.517,1.232
8.775,-35.381,1.255
8.798,-35.117,1.255
8.822,-34.979,1.22
8.846,-35.04,1.255
8.87,-35.249,1.232
8.894,-35.427,1.232
8.918,-35.686,1.22
8.942,-35.679,1.255
8.966,-35.505,1.243
8.99,-35.364,1.232
9.014,-35.065,1.232
9.108,-35.572,1.243
9.132,-35.497,1.243
9.156,-35.333,1.255
9.18,-35.092,1.279
9.204,-34.855,1.243
9.228,-34.618,1.267
9.252,-34.572,1.267
9.276,-34.711,1.279
9.3,-34.896,1.255
9.324,-35.284,1.255
9.348,-35.583,1.243
9.372,-35.593,1.279
9.395,-35.443,1.279
9.419,-35.24,1.267
9.443,-34.954,1.267
9.467,-34.664,1.279
9.491,-34.623,1.255
9.515,-34.795,1.267
9.539,-35.092,1.279
9.563,-35.418,1.279
9.587,-35.817,1.29
9.611,-35.94,1.267
9.635,-35.853,1.29
9.659,-35.553,1.302
9.682,-35.335,1.279
9.706,-34.88,1.267
9.73,-34.553,1.314
9.754,-34.537,1.29
9.778,-34.741,1.302
9.802,-35.02,1.29
9.826,-35.25,1.279
9.85,-35.712,1.326
9.874,-36.06,1.302
9.898,-36.052,1.29
9.922,-35.842,1.314
9.946,-35.498,1.314
9.97,-35.215,1.326
9.993,-34.741,1.302
10.017,-34.45,1.337
10.114,-34.712,1.337
10.139,-34.804,1.337
10.164,-35.269,1.349
10.189,-35.854,1.337
10.214,-36.527,1.337
10.239,-37.055,1.372
10.264,-37.347,1.349
10.289,-37.361,1.384
10.314,-37.078,1.361
10.339,-36.663,1.361
10.364,-36.195,1.372
10.389,-35.683,1.361
10.414,-35.14,1.372
10.439,-34.773,1.361
10.464,-34.715,1.361
10.488,-34.497,1.361
10.513,-34.23,1.396
10.538,-33.808,1.396
10.563,-33.338,1.372
10.588,-32.929,1.361
10.613,-32.661,1.384
10.638,-32.491,1.372
10.663,-32.315,1.384
10.688,-32.05,1.361
10.713,-31.816,1.372
10.738,-31.519,1.396
10.763,-31.15,1.384
10.788,-30.688,1.372
10.813,-30.151,1.396
10.838,-29.604,1.384
10.863,-29.099,1.372
10.888,-28.633,1.396
10.913,-28.243,1.372
10.938,-27.931,1.372
10.963,-27.627,1.384
10.988,-27.367,1.396
11.013,-27.194,1.408
11.109,-27.698,1.361
11.134,-28.467,1.408
11.159,-29.417,1.419
11.184,-30.47,1.372
11.209,-31.593,1.372
11.234,-32.717,1.384
11.259,-33.788,1.396
11.284,-34.829,1.419
11.309,-35.834,1.408
11.334,-36.857,1.396
11.359,-37.834,1.384
11.384,-38.785,1.408
11.409,-39.645,1.431
11.434,-40.447,1.408
11.459,-41.28,1.419
11.484,-41.972,1.408
11.509,-42.53,1.408
11.534,-43.119,1.396
11.559,-43.72,1.419
11.584,-44.325,1.419
11.609,-44.897,1.431
11.634,-45.433,1.443
11.658,-45.94,1.408
11.683,-46.435,1.408
11.708,-46.899,1.419
11.733,-47.394,1.419
11.758,-47.858,1.431
11.783,-48.291,1.443
11.808,-48.687,1.408
11.833,-49.044,1.443
11.858,-49.383,1.443
11.883,-49.701,1.443
11.908,-50.028,1.443
11.933,-50.33,1.408
11.958,-50.623,1.431
11.983,-50.916,1.431
12.008,-51.253,1.443
12.107,-52.004,1.443
12.132,-52.321,1.431
12.157,-52.593,1.431
12.182,-52.806,1.443
12.207,-52.907,1.419
12.232,-52.904,1.443
12.256,-52.781,1.455
12.281,-52.502,1.466
12.306,-52.075,1.431
12.331,-51.507,1.443
12.356,-50.717,1.443
12.381,-49.753,1.466
12.406,-48.646,1.443
12.431,-47.437,1.455
12.456,-46.161,1.455
12.481,-44.863,1.478
12.506,-43.57,1.466
12.531,-42.296,1.455
12.556,-41.088,1.466
12.581,-39.933,1.455
12.606,-38.988,1.49
12.631,-38.212,1.478
12.656,-37.48,1.455
12.681,-36.742,1.455
12.706,-35.917,1.49
12.731,-34.979,1.49
12.756,-33.936,1.49
12.781,-32.862,1.455
12.806,-31.786,1.478
12.831,-30.758,1.466
12.856,-29.762,1.501
12.88,-28.84,1.49
12.905,-27.891,1.478
12.93,-26.954,1.455
12.955,-26.101,1.478
12.98,-25.39,1.478
13.005,-24.861,1.501
13.103,-24.874,1.513
13.128,-25.225,1.478
13.153,-26.001,1.49
13.178,-26.798,1.478
13.203,-27.326,1.513
13.228,-27.75,1.501
13.253,-28.004,1.478
13.278,-28.615,1.501
13.303,-28.807,1.513
13.328,-28.727,1.513
13.353,-28.449,1.501
13.378,-28.368,1.513
13.403,-28.412,1.478
13.428,-28.441,1.49
13.452,-28.65,1.501
13.477,-28.86,1.513
13.502,-29.228,1.501
13.527,-29.592,1.49
13.552,-29.916,1.501
13.577,-30.027,1.513
13.602,-29.821,1.537
13.627,-29.457,1.537
13.652,-28.994,1.525
13.677,-28.41,1.501
13.702,-27.672,1.537
13.727,-27.068,1.537
13.752,-26.714,1.537
13.777,-26.78,1.513
13.802,-27.081,1.525
13.827,-27.293,1.548
13.852,-27.381,1.548
13.877,-27.714,1.537
13.902,-28.443,1.525
13.927,-29.358,1.525
13.952,-30.416,1.537
13.977,-31.48,1.56
14.002,-32.283,1.537
14.098,-32.259,1.525
14.123,-32.65,1.56
14.148,-32.811,1.525
14.173,-32.47,1.525
14.198,-31.771,1.525
14.223,-30.878,1.548
14.248,-29.826,1.537
14.273,-28.807,1.56
14.298,-28.018,1.56
14.323,-27.552,1.525
14.348,-27.149,1.56
14.373,-26.938,1.572
14.398,-27.311,1.56
14.423,-28.013,1.537
14.448,-29.073,1.537
14.473,-30.221,1.572
14.498,-31.108,1.548
14.523,-31.781,1.525
14.548,-32.123,1.525
14.573,-32.348,1.56
14.598,-32.174,1.548
14.622,-31.602,1.572
14.647,-30.887,1.56
14.672,-29.961,1.548
14.697,-29.175,1.548
14.722,-28.689,1.56
14.747,-28.343,1.584
14.772,-27.894,1.537
14.797,-27.851,1.56
14.822,-28.273,1.548
14.847,-28.99,1.56
14.872,-29.887,1.572
14.897,-30.604,1.56
14.922,-30.992,1.548
14.947,-31.138,1.56
14.972,-31.223,1.572
14.997,-30.871,1.584
15.022,-30.237,1.56
15.119,-30.059,1.548
15.144,-29.509,1.56
15.168,-29.078,1.584
15.193,-28.527,1.584
15.218,-28.433,1.584
15.243,-28.851,1.56
15.268,-29.662,1.56
15.293,-30.514,1.584
15.318,-31.179,1.572
15.343,-31.545,1.548
15.368,-31.769,1.548
15.393,-31.773,1.572
15.418,-31.308,1.548
15.443,-30.5,1.56
15.468,-29.533,1.56
15.493,-28.726,1.548
15.518,-28.159,1.548
15.543,-27.573,1.572
15.568,-27.069,1.56
15.593,-27.083,1.56
15.618,-27.448,1.572
15.643,-28.18,1.56
15.668,-28.854,1.548
15.693,-29.277,1.584
15.718,-29.493,1.548
15.743,-29.615,1.56
15.768,-29.206,1.548
15.792,-28.527,1.548
15.817,-27.638,1.572
15.842,-26.838,1.56
15.867,-26.36,1.572
15.892,-25.978,1.572
15.917,-25.588,1.548
15.942,-25.77,1.548
15.967,-26.236,1.56
15.992,-27.069,1.548
16.017,-27.867,1.56
16.114,-27.881,1.525
16.139,-28.238,1.537
16.164,-27.973,1.537
16.189,-27.379,1.525
16.214,-26.546,1.525
16.239,-25.687,1.513
16.264,-25.04,1.548
16.289,-24.657,1.537
16.314,-24.335,1.525
16.338,-24.125,1.525
16.363,-24.474,1.56
16.388,-25.131,1.56
16.413,-26.083,1.548
16.438,-27.139,1.525
16.463,-28.02,1.537
16.488,-28.672,1.537
16.513,-29.346,1.537
16.538,-29.651,1.548
16.563,-29.443,1.513
16.588,-28.994,1.537
16.613,-28.285,1.537
16.638,-27.473,1.525
16.663,-26.814,1.537
16.688,-26.412,1.537
16.713,-26.047,1.525
16.738,-25.726,1.525
16.763,-25.908,1.537
16.788,-26.502,1.501
16.813,-27.409,1.537
16.838,-28.297,1.537
16.863,-28.961,1.525
16.888,-29.37,1.501
16.913,-29.742,1.49
16.938,-29.847,1.49
16.962,-29.537,1.513
16.987,-28.989,1.49
17.012,-28.274,1.478
17.109,-27.921,1.455
17.134,-27.282,1.455
17.159,-26.958,1.443
17.184,-26.694,1.443
17.209,-26.321,1.431
17.234,-26.586,1.431
17.259,-27.239,1.443
17.284,-28.113,1.408
17.309,-29.142,1.396
17.334,-30.229,1.431
17.359,-31.223,1.419
17.384,-31.587,1.384
17.409,-31.804,1.408
17.434,-32.114,1.396
17.459,-32.509,1.396
17.484,-32.722,1.396
17.508,-32.781,1.419
17.533,-32.781,1.384
17.558,-32.739,1.372
17.583,-32.564,1.408
17.608,-32.131,1.408
17.633,-31.531,1.408
17.658,-30.85,1.396
17.683,-30.146,1.396
17.708,-29.424,1.384
17.733,-28.672,1.396
17.758,-27.892,1.384
17.783,-27.098,1.396
17.808,-26.302,1.396
17.833,-25.53,1.384
17.858,-24.801,1.361
17.883,-24.116,1.361
17.908,-23.477,1.361
17.933,-22.886,1.361
17.958,-22.446,1.361
17.983,-22.141,1.372
18.008,-21.946,1.361
18.104,-21.47,1.337
18.129,-21.215,1.361
18.154,-20.949,1.326
18.179,-20.679,1.337
18.204,-20.445,1.337
18.229,-20.225,1.349
18.254,-20.034,1.349
18.279,-19.872,1.349
18.304,-19.754,1.29
18.329,-19.665,1.326
18.354,-19.588,1.337
18.379,-19.521,1.337
18.404,-19.462,1.326
18.429,-19.43,1.29
18.454,-19.421,1.302
18.479,-19.454,1.314
18.504,-19.506,1.302
18.529,-19.535,1.326
18.554,-19.573,1.326
18.579,-19.608,1.279
18.604,-19.637,1.29
18.629,-19.664,1.314
18.654,-19.75,1.337
18.679,-19.983,1.302
18.703,-20.242,1.279
18.728,-20.593,1.29
18.753,-21.015,1.29
18.778,-21.53,1.302
18.803,-21.882,1.314
18.828,-22.093,1.314
18.853,-22.199,1.29
18.878,-22.289,1.29
18.903,-22.43,1.279
18.928,-22.706,1.302
18.953,-23.209,1.314
18.978,-23.948,1.279
19.003,-24.871,1.267
19.099,-26.911,1.255
19.124,-28.462,1.243
19.149,-29.971,1.255
19.174,-31.1,1.255
19.198,-31.767,1.232
19.223,-32.009,1.243
19.248,-32.019,1.22
19.273,-31.941,1.22
19.298,-31.811,1.173
19.323,-31.591,1.173
19.348,-31.361,1.173
19.373,-31.244,1.161
19.398,-31.071,1.185
19.423,-30.75,1.161
19.448,-30.493,1.161
19.473,-30.325,1.15
19.498,-30.431,1.138
19.523,-30.818,1.126
19.548,-31.406,1.126
19.573,-32.066,1.15
19.598,-32.662,1.138
19.623,-33.435,1.138
19.648,-34.141,1.103
19.673,-34.513,1.103
19.698,-34.641,1.103
19.723,-34.593,1.103
19.748,-34.481,1.126
19.773,-34.371,1.126
19.798,-34.185,1.126
19.822,-34.02,1.103
19.847,-34.097,1.091
19.872,-34.359,1.126
19.897,-34.701,1.091
19.922,-35.099,1.079
19.947,-35.531,1.079
19.972,-35.715,1.067
19.997,-35.762,1.067
20.022,-35.703,1.091
20.118,-36.324,1.032
20.143,-36.547,1.067
20.168,-36.591,1.044
20.193,-36.511,1.056
20.218,-36.345,1.044
20.243,-36.172,1.067
20.268,-35.87,1.067
20.293,-35.739,1.032
20.318,-35.8,1.044
20.342,-35.979,1.021
20.367,-36.294,1.067
20.392,-36.441,1.067
20.417,-36.511,1.021
20.442,-36.511,1.032
20.467,-36.37,1.021
20.492,-36.283,1.044
20.517,-36.312,1.044
20.542,-36.445,1.032
20.567,-36.695,1.021
20.592,-36.802,1.021
20.617,-36.783,1.009
20.642,-36.664,1.044
20.667,-36.502,1.032
20.692,-36.388,1.009
20.717,-36.394,1.009
20.742,-36.502,1.021
20.767,-36.734,1.044
20.792,-36.766,1.044
20.817,-36.702,1.044
20.842,-36.668,1.009
20.867,-36.545,1.009
20.892,-36.515,1.009
20.917,-36.574,1.021
20.942,-36.731,1.021
20.966,-36.749,1.021
20.991,-36.667,1.021
21.016,-36.594,1.021
21.112,-36.948,1.044
21.137,-36.757,1.032
21.162,-36.59,1.021
21.187,-36.329,1.032
21.212,-36.198,1.056
21.237,-36.18,1.032
21.262,-36.247,1.032
21.287,-36.283,1.044
21.312,-36.194,1.056
21.337,-36.138,1.056
21.362,-35.948,1.044
21.387,-35.87,1.056
21.412,-35.908,1.067
21.437,-36.011,1.067
21.462,-36.098,1.091
21.486,-36.031,1.056
21.511,-35.958,1.067
21.536,-35.754,1.079
21.561,-35.658,1.091
21.586,-35.69,1.091
21.611,-35.792,1.126
21.636,-35.895,1.103
21.661,-35.846,1.114
21.686,-35.766,1.114
21.711,-35.558,1.126
21.736,-35.48,1.161
21.761,-35.507,1.161
21.786,-35.645,1.138
21.811,-35.93,1.15
21.836,-36.006,1.161
21.861,-35.985,1.161
21.886,-35.977,1.196
21.911,-35.791,1.196
21.936,-35.719,1.208
21.961,-35.731,1.22
21.986,-35.898,1.208
22.011,-36.203,1.22
22.107,-35.903,1.243
22.132,-35.879,1.279
22.157,-35.985,1.243
22.182,-36.233,1.279
22.207,-36.495,1.29
22.232,-36.861,1.314
22.257,-37.176,1.314
22.282,-37.187,1.267
22.307,-37.089,1.302
22.332,-36.874,1.326
22.357,-36.665,1.302
22.382,-36.366,1.349
22.407,-35.915,1.349
22.432,-35.595,1.326
22.457,-35.512,1.349
22.482,-35.65,1.349
22.507,-35.953,1.372
22.532,-36.324,1.372
22.557,-36.682,1.361
22.582,-36.948,1.361
22.607,-37.376,1.372
22.632,-37.998,1.396
22.656,-38.54,1.396
22.681,-38.813,1.384
22.706,-38.735,1.396
22.731,-38.402,1.396
22.756,-37.941,1.396
22.781,-37.406,1.396
22.806,-36.862,1.419
22.831,-36.25,1.396
22.856,-35.614,1.408
22.881,-35.033,1.408
22.906,-34.452,1.443
22.931,-34.357,1.431
22.956,-34.286,1.443
22.981,-34.245,1.443
23.006,-34.259,1.419
23.103,-33.468,1.431
23.128,-33.176,1.466
23.153,-32.857,1.466
23.178,-32.552,1.455
23.202,-32.236,1.455
23.227,-31.928,1.455
23.252,-31.616,1.466
23.277,-31.33,1.478
23.302,-31.062,1.501
23.327,-30.836,1.455
23.352,-30.563,1.466
23.377,-30.259,1.478
23.402,-29.901,1.478
23.427,-29.51,1.478
23.452,-29.112,1.501
23.477,-28.692,1.513
23.502,-28.267,1.466
23.527,-27.882,1.478
23.552,-27.6,1.501
23.577,-27.456,1.501
23.602,-27.435,1.513
23.627,-27.39,1.513
23.652,-27.196,1.49
23.677,-26.909,1.513
23.702,-26.481,1.501
23.727,-25.959,1.501
23.752,-25.382,1.525
23.777,-24.877,1.537
23.802,-24.353,1.525
23.826,-23.935,1.525
23.851,-23.79,1.501
23.876,-24.196,1.501
23.901,-24.633,1.513
23.926,-25,1.525
23.951,-24.989,1.537
23.976,-25.108,1.537
24.001,-25.438,1.525
24.099,-26.036,1.525
24.124,-26.748,1.537
24.149,-27.548,1.525
24.174,-28.386,1.525
24.199,-29.002,1.525
24.224,-29.61,1.548
24.249,-30.145,1.513
24.274,-30.628,1.525
24.299,-31.105,1.525
24.324,-31.254,1.56
24.349,-30.946,1.56
24.374,-30.508,1.548
24.398,-29.868,1.548
24.423,-29.058,1.525
24.448,-28.395,1.537
24.473,-28.009,1.537
24.498,-27.921,1.537
24.523,-27.817,1.56
24.548,-27.535,1.525
24.573,-27.641,1.525
24.598,-28.205,1.525
24.623,-29.003,1.548
24.648,-29.989,1.548
24.673,-31.049,1.525
24.698,-31.941,1.548
24.723,-32.637,1.56
24.748,-33.002,1.572
24.773,-33.203,1.56
24.798,-33.077,1.537
24.823,-32.522,1.548
24.848,-31.811,1.56
24.873,-31.012,1.584
24.898,-30.092,1.572
24.923,-29.284,1.537
24.948,-28.781,1.548
24.973,-28.466,1.56
24.998,-28.249,1.584
25.022,-28.546,1.572
25.121,-28.33,1.584
25.146,-28.756,1.584
25.171,-28.971,1.572
25.196,-29.149,1.572
25.221,-29.054,1.537
25.246,-28.588,1.548
25.271,-27.844,1.548
25.296,-26.975,1.56
25.321,-26.3,1.584
25.346,-25.906,1.56
25.371,-25.479,1.548
25.396,-25.086,1.548
25.421,-25.339,1.584
25.446,-25.891,1.572
25.471,-26.744,1.584
25.496,-27.633,1.548
25.521,-28.297,1.572
25.546,-28.818,1.56
25.571,-29.366,1.572
25.596,-29.325,1.584
25.62,-28.893,1.584
25.645,-28.181,1.595
25.67,-27.316,1.584
25.695,-26.604,1.56
25.72,-26.142,1.595
25.745,-25.675,1.584
25.77,-25.322,1.584
25.795,-25.512,1.56
25.82,-26.043,1.584
25.845,-26.745,1.607
25.87,-27.283,1.584
25.895,-27.688,1.572
25.92,-28.021,1.595
25.945,-28.18,1.572
25.97,-27.871,1.584
25.995,-27.308,1.607
26.02,-26.515,1.572
26.118,-26.554,1.572
26.143,-26.301,1.607
26.168,-26.59,1.572
26.192,-27.354,1.595
26.217,-28.332,1.607
26.242,-29.082,1.619
26.267,-29.542,1.607
26.292,-29.827,1.584
26.317,-29.862,1.607
26.342,-29.386,1.607
26.367,-28.621,1.63
26.392,-27.701,1.607
26.417,-27.094,1.595
26.442,-26.534,1.595
26.467,-26.207,1.619
26.492,-26.348,1.63
26.517,-26.885,1.619
26.542,-27.53,1.595
26.567,-27.947,1.619
26.592,-28.176,1.595
26.617,-28.139,1.63
26.642,-27.652,1.607
26.667,-26.884,1.619
26.692,-26.267,1.607
26.717,-25.832,1.595
26.742,-25.286,1.63
26.767,-25.16,1.607
26.792,-25.317,1.619
26.816,-25.865,1.619
26.841,-26.204,1.607
26.866,-26.374,1.63
26.891,-26.575,1.607
26.916,-26.266,1.607
26.941,-25.655,1.607
26.966,-25.052,1.63
26.991,-24.664,1.607
27.016,-24.045,1.63
27.114,-23.184,1.595
27.139,-23.01,1.63
27.164,-22.944,1.607
27.189,-22.803,1.607
27.214,-22.301,1.63
27.239,-21.6,1.607
27.264,-21.134,1.63
27.289,-20.657,1.595
27.314,-20.321,1.607
27.339,-20.463,1.63
27.364,-21.095,1.619
27.388,-21.567,1.595
27.413,-21.852,1.63
27.438,-22.096,1.607
27.463,-21.938,1.63
27.488,-21.494,1.595
27.513,-20.837,1.607
27.538,-20.439,1.607
27.563,-19.923,1.619
27.588,-19.689,1.607
27.613,-19.817,1.607
27.638,-20.258,1.63
27.663,-20.563,1.619
27.688,-20.822,1.607
27.713,-21.084,1.63
27.738,-20.994,1.619
27.763,-20.66,1.63
27.788,-20.127,1.607
27.813,-19.824,1.595
27.838,-19.391,1.63
27.863,-19.266,1.607
27.888,-19.474,1.63
27.913,-20.018,1.619
27.938,-20.455,1.619
27.963,-20.827,1.619
27.988,-21.211,1.619
28.012,-21.157,1.607
28.108,-21.003,1.619
28.133,-20.771,1.619
28.158,-20.311,1.63
28.183,-20.316,1.595
28.208,-20.727,1.619
28.233,-21.446,1.63
28.258,-21.875,1.607
28.283,-22.219,1.607
28.308,-22.494,1.63
28.333,-22.277,1.607
28.358,-21.778,1.63
28.383,-21.221,1.63
28.408,-20.794,1.619
28.433,-20.326,1.619
28.458,-20.381,1.63
28.483,-20.76,1.63
28.508,-21.236,1.619
28.532,-21.568,1.63
28.557,-21.92,1.63
28.582,-21.982,1.607
28.607,-21.71,1.619
28.632,-21.204,1.619
28.657,-20.818,1.63
28.682,-20.302,1.642
28.707,-20.485,1.63
28.732,-20.852,1.619
28.757,-21.486,1.654
28.782,-21.922,1.63
28.807,-22.242,1.63
28.832,-22.495,1.63
28.857,-22.32,1.619
28.882,-21.839,1.63
28.907,-21.338,1.654
28.932,-20.84,1.63
28.957,-20.49,1.654
28.982,-20.599,1.63
29.007,-21.088,1.654
29.103,-21.272,1.654
29.128,-21.476,1.642
29.153,-21.321,1.666
29.178,-20.864,1.642
29.203,-20.565,1.654
29.228,-20.178,1.642
29.253,-20.271,1.666
29.278,-20.614,1.654
29.303,-21.1,1.642
29.328,-21.399,1.666
29.353,-21.695,1.654
29.378,-21.706,1.642
29.403,-21.347,1.642
29.428,-20.778,1.642
29.453,-20.356,1.654
29.478,-19.975,1.677
29.503,-19.656,1.654
29.528,-19.688,1.666
29.553,-19.99,1.654
29.578,-20.16,1.666
29.603,-20.395,1.654
29.628,-20.335,1.666
29.653,-20.029,1.677
29.678,-19.547,1.654
29.702,-19.313,1.654
29.727,-18.926,1.666
29.752,-18.841,1.654
29.777,-19.079,1.677
29.802,-19.348,1.677
29.827,-19.635,1.666
29.852,-20.028,1.677
29.877,-19.955,1.642
29.902,-19.603,1.666
29.927,-19.266,1.677
29.952,-19.011,1.677
29.977,-18.686,1.654
30.002,-18.836,1.666
30.101,-18.451,1.642
30.126,-18.12,1.689
30.151,-17.58,1.666
30.176,-17.232,1.654
30.201,-16.926,1.677
30.226,-16.751,1.666
30.251,-16.945,1.666
30.276,-17.462,1.677
30.3,-17.807,1.666
30.325,-18.197,1.677
30.35,-18.101,1.666
30.375,-17.743,1.666
30.4,-17.343,1.666
30.425,-17.117,1.666
30.45,-16.792,1.677
30.475,-16.911,1.666
30.5,-17.566,1.677
30.525,-18.06,1.666
30.55,-18.475,1.677
30.575,-18.495,1.689
30.6,-18.198,1.701
30.625,-17.809,1.689
30.65,-17.534,1.677
30.675,-17.126,1.677
30.7,-17.242,1.677
30.725,-17.636,1.689
30.75,-17.843,1.689
30.775,-18.093,1.677
30.8,-18.013,1.666
30.825,-17.671,1.677
30.85,-17.468,1.677
30.875,-17.083,1.689
30.9,-17.248,1.666
30.924,-17.767,1.701
30.949,-18.136,1.689
30.974,-18.465,1.677
30.999,-18.524,1.689
31.024,-18.241,1.666
31.12,-18.091,1.677
31.145,-17.949,1.689
31.17,-18.311,1.689
31.195,-18.449,1.689
31.22,-18.622,1.677
31.245,-18.353,1.677
31.27,-17.863,1.689
31.295,-17.481,1.689
31.32,-17.039,1.689
31.345,-16.944,1.677
31.37,-17.081,1.701
31.395,-17.057,1.689
31.42,-17.182,1.689
31.444,-16.938,1.677
31.469,-16.471,1.677
31.494,-16.123,1.689
31.519,-15.602,1.701
31.544,-15.36,1.689
31.569,-15.48,1.677
31.594,-15.478,1.701
31.619,-15.594,1.689
31.644,-15.314,1.689
31.669,-14.851,1.677
31.694,-14.556,1.677
31.719,-14.004,1.701
31.744,-13.75,1.689
31.769,-13.777,1.689
31.794,-13.742,1.666
31.819,-13.838,1.701
31.844,-13.58,1.701
31.869,-13.157,1.689
31.894,-12.968,1.689
31.919,-12.703,1.677
31.944,-12.655,1.677
31.969,-12.854,1.689
31.994,-13.03,1.689
32.019,-13.172,1.677
32.115,-13.994,1.689
32.14,-13.831,1.689
32.165,-13.923,1.677
32.19,-14.084,1.701
32.215,-14.334,1.666
32.24,-14.308,1.689
32.265,-13.954,1.677
32.29,-13.588,1.689
32.315,-13.075,1.689
32.34,-12.685,1.701
32.365,-12.471,1.677
32.39,-12.337,1.666
32.415,-12.36,1.677
32.44,-12.105,1.677
32.465,-11.658,1.677
32.49,-11.356,1.689
32.515,-10.804,1.689
32.54,-10.502,1.677
32.565,-10.477,1.689
32.59,-10.433,1.689
32.614,-10.623,1.677
32.639,-10.545,1.677
32.664,-10.275,1.677
32.689,-10.07,1.689
32.714,-9.662,1.677
32.738,-9.531,1.689
32.762,-9.583,1.677
32.786,-9.876,1.689
32.81,-10.127,1.677
32.835,-10.478,1.689
32.86,-10.588,1.689
32.885,-10.425,1.677
32.91,-10.278,1.701
32.935,-10.049,1.701
32.96,-9.993,1.689
32.984,-10.347,1.701
33.009,-10.763,1.677
33.104,-10.399,1.677
33.129,-10.175,1.677
33.154,-10.148,1.677
33.179,-9.848,1.677
33.203,-9.947,1.677
33.227,-10.263,1.677
33.252,-10.589,1.677
33.277,-11.019,1.666
33.302,-11.308,1.666
33.327,-11.253,1.677
33.352,-11.106,1.701
33.377,-10.737,1.689
33.402,-10.664,1.689
33.427,-10.858,1.666
33.452,-11.02,1.677
33.477,-11.344,1.689
33.502,-11.451,1.701
33.527,-11.295,1.666
33.552,-11.141,1.701
33.576,-11.148,1.689
33.601,-11.281,1.689
33.626,-11.545,1.666
33.651,-11.731,1.677
33.676,-12.15,1.666
33.701,-12.238,1.689
33.726,-12.059,1.677
33.751,-11.917,1.689
33.776,-11.662,1.689
33.801,-11.537,1.689
33.826,-11.661,1.677
33.851,-11.854,1.689
33.876,-12.226,1.677
33.901,-12.512,1.677
33.926,-12.426,1.701
33.951,-12.345,1.677
33.976,-12.065,1.689
34.001,-12.056,1.701
34.097,-11.697,1.666
34.122,-11.814,1.689
34.147,-11.689,1.666
34.172,-11.485,1.701
34.197,-11.342,1.701
34.222,-11.155,1.666
34.247,-11.246,1.689
34.272,-11.532,1.677
34.297,-11.928,1.666
34.322,-12.202,1.689
34.347,-12.12,1.701
34.372,-11.953,1.701
34.397,-11.83,1.677
34.422,-11.631,1.689
34.447,-11.739,1.677
34.472,-12.025,1.666
34.497,-12.299,1.677
34.522,-12.586,1.677
34.547,-12.527,1.689
34.572,-12.269,1.677
34.597,-12.175,1.677
34.622,-12.019,1.677
34.647,-12.077,1.689
34.672,-12.22,1.677
34.697,-12.519,1.701
34.722,-12.702,1.677
34.746,-12.599,1.666
34.771,-12.445,1.701
34.796,-12.238,1.689
34.821,-12.157,1.677
34.846,-12.284,1.666
34.871,-12.435,1.677
34.896,-12.673,1.689
34.921,-12.782,1.677
34.946,-12.62,1.666
34.971,-12.42,1.701
34.996,-11.958,1.689
35.021,-11.783,1.666
35.12,-11.316,1.677
35.145,-11.034,1.689
35.17,-10.679,1.689
35.195,-10.554,1.701
35.22,-10.243,1.677
35.245,-10.293,1.701
35.27,-10.492,1.701
35.295,-10.706,1.701
35.32,-11.031,1.701
35.344,-11.01,1.689
35.369,-10.876,1.724
35.394,-10.989,1.713
35.419,-11.139,1.701
35.444,-11.41,1.701
35.469,-11.63,1.724
35.494,-11.996,1.713
35.519,-12.211,1.713
35.544,-12.124,1.736
35.569,-11.989,1.736
35.594,-11.879,1.724
35.619,-11.909,1.748
35.644,-12.106,1.748
35.669,-12.226,1.736
35.694,-12.519,1.748
35.719,-12.434,1.748
35.744,-12.323,1.736
35.769,-11.982,1.736
35.794,-11.86,1.748
35.819,-11.932,1.736
35.844,-12.057,1.736
35.869,-12.231,1.76
35.894,-12.061,1.748
35.919,-11.988,1.736
35.944,-11.499,1.748
35.968,-11.234,1.736
35.993,-11.146,1.736
36.018,-11.223,1.736
36.116,-11.184,1.736
36.141,-10.844,1.748
36.166,-10.578,1.748
36.191,-10.539,1.736
36.216,-10.177,1.736
36.241,-9.738,1.724
36.265,-9.293,1.736
36.289,-8.531,1.736
36.313,-7.913,1.748
36.337,-7.426,1.736
36.361,-7.077,1.736
36.384,-6.949,1.736
36.408,-6.857,1.748
36.432,-6.534,1.748
36.456,-6.079,1.748
36.48,-5.629,1.748
36.504,-4.85,1.736
36.528,-4.185,1.748
36.552,-3.635,1.748
36.576,-3.232,1.748
36.6,-3.055,1.736
36.624,-2.876,1.724
36.648,-2.542,1.748
36.672,-2.119,1.736
36.695,-1.617,1.748
36.719,-0.844,1.736
36.743,-0.115,1.724
36.767,0.432,1.724
36.79,0.826,1.701
36.813,1.089,1.701
36.836,1.262,1.713
36.859,1.335,1.689
36.882,1.463,1.701
36.904,1.772,1.701
36.927,2.139,1.701
36.95,2.534,1.689
36.973,2.963,1.689
36.996,3.443,1.689
37.019,4.069,1.677
37.115,5.557,1.63
37.137,6.051,1.63
37.16,6.464,1.63
37.183,6.774,1.63
37.206,6.955,1.63
37.229,7.099,1.619
37.252,7.318,1.619
37.275,7.641,1.607
37.298,8.004,1.642
37.32,8.358,1.63
37.343,8.724,1.63
37.366,9.134,1.63
37.389,9.602,1.619
37.412,10.125,1.619
37.436,10.719,1.607
37.46,11.5,1.607
37.484,12.474,1.56
37.508,13.484,1.548
37.532,14.479,1.513
37.556,15.502,1.478
37.579,16.244,1.478
37.603,16.818,1.478
37.627,17.217,1.478
37.651,17.465,1.478
37.675,17.637,1.49
37.699,17.848,1.478
37.723,18.007,1.466
37.747,17.662,1.478
37.771,17.448,1.455
37.795,17.343,1.49
37.819,17.376,1.478
37.843,17.55,1.49
37.866,17.884,1.466
37.89,18.375,1.443
37.914,18.998,1.431
37.938,19.718,1.419
37.962,20.503,1.443
37.986,21.361,1.443
38.01,22.085,1.443
38.106,23.553,1.466
38.13,24.387,1.408
38.154,25.185,1.443
38.177,25.975,1.455
38.201,26.759,1.431
38.225,27.642,1.431
38.249,28.517,1.431
38.273,29.417,1.431
38.297,30.197,1.431
38.321,30.955,1.455
38.345,31.717,1.419
38.369,32.369,1.455
38.393,32.985,1.443
38.417,33.595,1.443
38.441,34.192,1.431
38.464,34.744,1.431
38.488,35.374,1.443
38.512,35.908,1.443
38.536,36.462,1.455
38.56,36.842,1.443
38.584,37.123,1.431
38.608,37.434,1.408
38.632,37.691,1.431
38.656,37.883,1.443
38.68,38.035,1.419
38.704,38.135,1.431
38.728,38.149,1.431
38.752,38.126,1.408
38.775,38.08,1.455
38.799,37.958,1.466
38.823,37.706,1.466
38.847,37.327,1.431
38.871,36.816,1.443
38.895,36.244,1.431
38.919,35.732,1.443
38.943,35.333,1.419
38.967,34.869,1.455
38.991,34.411,1.431
39.015,34.021,1.431
39.109,33.614,1.431
39.133,32.571,1.431
39.157,31.292,1.431
39.181,29.683,1.466
39.205,27.998,1.431
39.229,26.238,1.455
39.253,24.582,1.466
39.277,23.03,1.443
39.301,21.49,1.466
39.325,19.819,1.466
39.348,18.073,1.431
39.372,16.281,1.431
39.396,14.433,1.419
39.42,12.682,1.443
39.444,11.102,1.431
39.468,9.669,1.431
39.491,8.326,1.455
39.514,7.009,1.431
39.537,5.702,1.443
39.56,4.468,1.431
39.582,3.454,1.419
39.605,2.624,1.455
39.628,2.053,1.443
39.651,1.764,1.443
39.674,1.634,1.431
39.697,1.602,1.455
39.72,1.672,1.431
39.743,1.782,1.431
39.766,1.852,1.431
39.788,1.798,1.431
39.811,1.582,1.443
39.834,1.161,1.431
39.857,0.606,1.455
39.88,-0.047,1.431
39.904,-0.769,1.419
39.928,-1.529,1.443
39.952,-2.301,1.466
39.976,-3.091,1.443
40,-3.915,1.443
40.023,-4.744,1.419
40.117,-6.052,1.431
40.141,-6.243,1.431
40.165,-6.161,1.431
40.189,-5.848,1.431
40.213,-5.408,1.443
40.237,-4.895,1.431
40.261,-4.369,1.431
40.284,-3.865,1.455
40.308,-3.409,1.466
40.332,-3.033,1.455
40.356,-2.739,1.443
40.38,-2.504,1.431
40.404,-2.248,1.431
40.428,-1.946,1.431
40.452,-1.612,1.431
40.476,-1.263,1.408
40.5,-0.925,1.443
40.524,-0.655,1.431
40.548,-0.469,1.431
40.572,-0.397,1.431
40.595,-0.429,1.408
40.619,-0.556,1.408
40.643,-0.829,1.431
40.667,-1.28,1.443
40.691,-1.885,1.455
40.715,-2.574,1.443
40.739,-3.3,1.443
40.763,-4.07,1.431
40.787,-4.853,1.431
40.811,-5.644,1.431
40.835,-6.486,1.408
40.859,-7.401,1.408
40.882,-8.47,1.443
40.906,-9.604,1.455
40.93,-10.686,1.443
40.955,-11.796,1.419
40.98,-12.917,1.431
41.005,-14.085,1.431
41.101,-16.045,1.443
41.126,-16.807,1.431
41.151,-17.589,1.455
41.176,-18.399,1.455
41.201,-19.3,1.431
41.226,-20.298,1.443
41.251,-21.415,1.455
41.276,-22.692,1.431
41.301,-24.117,1.431
41.326,-25.505,1.431
41.35,-26.715,1.431
41.375,-27.709,1.443
41.4,-28.419,1.408
41.425,-28.89,1.431
41.45,-29.133,1.443
41.475,-29.203,1.419
41.5,-29.187,1.419
41.525,-29.082,1.431
41.55,-28.926,1.455
41.575,-28.745,1.455
41.6,-28.586,1.431
41.625,-28.469,1.431
41.65,-28.408,1.455
41.675,-28.39,1.431
41.7,-28.41,1.431
41.725,-28.402,1.455
41.75,-28.353,1.431
41.775,-28.204,1.443
41.8,-27.908,1.408
41.825,-27.478,1.431
41.85,-26.934,1.431
41.875,-26.301,1.419
41.9,-25.65,1.408
41.925,-24.959,1.431
41.95,-24.216,1.443
41.974,-23.411,1.443
41.999,-22.568,1.443
42.024,-21.691,1.431
42.121,-21.171,1.455
42.146,-20.283,1.431
42.171,-19.446,1.431
42.196,-18.626,1.443
42.221,-17.826,1.431
42.246,-17.039,1.443
42.271,-16.28,1.408
42.296,-15.572,1.431
42.321,-14.926,1.431
42.346,-14.364,1.443
42.371,-13.96,1.431
42.396,-13.692,1.443
42.421,-13.567,1.466
42.446,-13.572,1.408
42.471,-13.674,1.443
42.496,-13.829,1.455
42.52,-13.958,1.419
42.545,-14.034,1.431
42.57,-14.03,1.455
42.595,-13.938,1.431
42.62,-13.84,1.455
42.645,-13.778,1.443
42.67,-13.808,1.419
42.695,-13.992,1.419
42.72,-14.351,1.419
42.745,-14.93,1.396
42.77,-15.668,1.443
42.795,-16.526,1.443
42.82,-17.52,1.408
42.845,-18.645,1.419
42.87,-19.98,1.443
42.895,-21.429,1.408
42.92,-22.919,1.419
42.945,-24.313,1.443
42.97,-25.558,1.408
42.995,-26.592,1.396
43.02,-27.409,1.408
43.115,-29.043,1.408
43.14,-30.147,1.408
43.165,-31.069,1.408
43.19,-31.756,1.431
43.215,-32.24,1.419
43.24,-32.538,1.443
43.265,-32.679,1.419
43.29,-32.707,1.396
43.315,-32.644,1.443
43.34,-32.543,1.408
43.365,-32.377,1.408
43.39,-32.163,1.431
43.415,-31.914,1.384
43.44,-31.635,1.408
43.465,-31.363,1.443
43.49,-31.281,1.431
43.515,-31.257,1.408
43.54,-31.33,1.408
43.565,-31.203,1.431
43.59,-30.884,1.408
43.615,-30.395,1.443
43.64,-29.807,1.431
43.664,-29.129,1.384
43.689,-28.422,1.408
43.714,-27.734,1.419
43.739,-27.065,1.419
43.764,-26.43,1.408
43.789,-25.815,1.419
43.814,-25.189,1.419
43.839,-24.54,1.408
43.864,-23.862,1.396
43.889,-23.149,1.431
43.914,-22.425,1.408
NaN,NaN,NaN
0.004,-0.003,0.176
0.084,-0.143,0.141
0.107,-0.259,0.141
0.13,-0.387,0.129
0.153,-0.526,0.141
0.176,-0.677,0.141
0.199,-0.837,0.141
0.222,-1.008,0.129
0.244,-1.19,0.141
0.267,-1.381,0.141
0.29,-1.582,0.141
0.313,-1.792,0.141
0.336,-2.012,0.141
0.359,-2.241,0.141
0.382,-2.479,0.141
0.405,-2.737,0.141
0.428,-3.017,0.141
0.45,-3.318,0.141
0.473,-3.642,0.141
0.496,-3.989,0.141
0.519,-4.357,0.129
0.542,-4.748,0.141
0.565,-5.16,0.141
0.588,-5.592,0.129
0.611,-6.047,0.141
0.633,-6.524,0.141
0.656,-7.022,0.129
0.679,-7.541,0.129
0.702,-8.079,0.141
0.725,-8.634,0.141
0.748,-9.207,0.141
0.771,-9.795,0.141
0.794,-10.396,0.141
0.818,-11.02,0.141
0.841,-11.656,0.141
0.865,-12.305,0.141
0.889,-12.967,0.141
0.913,-13.637,0.129
0.937,-14.315,0.141
0.961,-15.001,0.141
0.985,-15.692,0.141
1.009,-16.388,0.141
1.103,-17.571,0.141
1.127,-18.339,0.129
1.151,-19.093,0.141
1.175,-19.833,0.141
1.199,-20.564,0.141
1.223,-21.282,0.129
1.247,-21.98,0.141
1.271,-22.664,0.129
1.295,-23.335,0.141
1.319,-23.986,0.129
1.343,-24.628,0.141
1.367,-25.25,0.141
1.391,-25.853,0.141
1.414,-26.438,0.141
1.438,-27.003,0.141
1.462,-27.551,0.141
1.486,-28.083,0.141
1.51,-28.597,0.141
1.534,-29.099,0.129
1.558,-29.583,0.129
1.582,-30.043,0.141
1.606,-30.493,0.141
1.63,-30.922,0.129
1.654,-31.344,0.129
1.678,-31.749,0.141
1.702,-32.133,0.141
1.725,-32.497,0.129
1.749,-32.846,0.141
1.773,-33.182,0.141
1.797,-33.503,0.141
1.821,-33.812,0.141
1.845,-34.107,0.141
1.869,-34.39,0.141
1.893,-34.66,0.141
1.917,-34.914,0.141
1.941,-35.156,0.129
1.965,-35.386,0.141
1.989,-35.605,0.141
2.012,-35.813,0.141
2.107,-36.674,0.141
2.131,-36.807,0.141
2.155,-36.93,0.141
2.179,-37.042,0.141
2.203,-37.141,0.141
2.227,-37.225,0.141
2.251,-37.311,0.141
2.275,-37.396,0.141
2.298,-37.484,0.141
2.322,-37.572,0.129
2.346,-37.652,0.141
2.37,-37.723,0.141
2.394,-37.791,0.141
2.418,-37.852,0.141
2.442,-37.906,0.129
2.466,-37.958,0.129
2.49,-38.01,0.141
2.514,-38.059,0.141
2.538,-38.1,0.141
2.562,-38.139,0.141
2.586,-38.173,0.141
2.609,-38.206,0.141
2.633,-38.237,0.141
2.657,-38.257,0.141
2.681,-38.281,0.141
2.705,-38.295,0.141
2.729,-38.316,0.141
2.753,-38.333,0.141
2.777,-38.345,0.141
2.801,-38.354,0.141
2.825,-38.351,0.141
2.849,-38.345,0.141
2.873,-38.345,0.141
2.896,-38.349,0.141
2.92,-38.349,0.141
2.944,-38.349,0.141
2.968,-38.34,0.141
2.992,-38.325,0.141
3.016,-38.312,0.129
3.111,-38.782,0.141
3.135,-38.701,0
3.159,-38.63,0
3.182,-38.57,0
3.206,-38.515,0
3.23,-38.456,0
3.254,-38.389,0
3.278,-38.329,0
3.302,-38.287,0
3.326,-38.255,0
3.35,-38.227,0
3.374,-38.18,0
3.398,-38.127,0
3.422,-38.085,0
3.446,-38.049,0
3.47,-38.018,0
3.493,-37.997,0
3.517,-37.963,0
3.541,-37.934,0
3.565,-39.717,0
3.589,-40.739,0
3.613,-41.16,0
3.637,-41.1,0
3.661,-41.193,0
3.685,-41.364,0
3.709,-41.161,0
3.733,-40.67,0
3.757,-40.237,0
3.78,-39.934,0.012
3.804,-39.402,0.012
3.828,-38.692,0.012
3.852,-38.178,0
3.876,-38.159,0
3.9,-38.511,0
3.924,-39.008,0
3.948,-39.421,0
3.972,-39.689,0.012
3.996,-39.856,0.012
4.02,-39.938,0.012
4.114,-40.295,0.023
4.138,-40.2,0.035
4.162,-40.079,0.059
4.186,-39.95,0.082
4.21,-39.797,0.082
4.234,-39.637,0.106
4.258,-39.476,0.106
4.282,-39.319,0.117
4.306,-39.167,0.117
4.33,-39.016,0.117
4.354,-38.882,0.117
4.377,-38.75,0.117
4.401,-38.626,0.117
4.425,-38.503,0.117
4.449,-38.385,0.117
4.473,-38.272,0.117
4.497,-38.165,0.117
4.521,-38.058,0.117
4.545,-37.952,0.129
4.569,-37.849,0.117
4.593,-37.753,0.117
4.617,-37.67,0.129
4.641,-37.581,0.129
4.664,-37.497,0.129
4.688,-37.42,0.129
4.712,-37.35,0.129
4.736,-37.292,0.117
4.76,-37.228,0.129
4.784,-37.168,0.117
4.808,-37.101,0.129
4.832,-37.04,0.129
4.856,-36.987,0.129
4.88,-36.939,0.129
4.904,-36.903,0.129
4.928,-36.858,0.129
4.952,-36.804,0.129
4.975,-36.745,0.129
4.999,-36.679,0.129
5.023,-36.627,0.129
5.118,-36.711,0.129
5.142,-36.636,0.129
5.166,-36.57,0.129
5.19,-36.504,0.129
5.214,-36.439,0.129
5.238,-36.388,0.129
5.261,-36.355,0.141
5.285,-36.338,0
5.309,-36.286,0
5.333,-36.235,0
5.357,-36.225,0
5.381,-36.332,0
5.405,-36.449,0
5.429,-36.477,0
5.453,-36.436,0
5.477,-36.356,0
5.501,-36.284,0
5.525,-36.256,0
5.548,-36.247,0
5.572,-36.222,0
5.596,-36.185,0
5.62,-36.129,0
5.644,-36.052,0
5.668,-35.994,0
5.692,-35.963,0
5.716,-35.952,0
5.74,-35.955,0
5.764,-35.937,0
5.788,-35.908,0
5.812,-35.863,0
5.836,-35.824,0
5.859,-35.8,0
5.883,-35.797,0
5.907,-35.808,0
5.931,-35.809,0
5.955,-37.286,0
5.979,-38.025,0
6.003,-38.56,0
6.099,-39.817,0
6.123,-40.911,0
6.146,-41.739,0
6.17,-42.212,0
6.194,-42.421,0
6.218,-43.573,0
6.242,-44.215,0
6.266,-44.592,0
6.29,-44.842,0.035
6.314,-45.006,0
6.338,-45.392,0
6.362,-45.987,0
6.386,-46.599,0
6.41,-47.067,0
6.434,-47.296,0
6.457,-47.299,0
6.481,-47.652,0
6.505,-47.297,0
6.529,-47.075,0
6.553,-46.61,0
6.577,-46.039,0
6.601,-46.011,0
6.625,-46.468,0
6.649,-47.036,0
6.673,-47.402,0
6.697,-47.487,0
6.721,-47.358,0
6.744,-48.036,0
6.768,-48.391,0
6.792,-48.482,0
6.816,-48.037,0
6.84,-47.335,0
6.864,-47.22,0
6.888,-47.584,0
6.912,-48.094,0
6.936,-48.421,0
6.96,-48.453,0
6.984,-48.258,0
7.008,-47.939,0
7.102,-47.801,0
7.126,-47.244,0
7.15,-46.645,0
7.174,-46.043,0
7.198,-45.465,0
7.222,-44.895,0
7.246,-44.325,0
7.27,-43.786,0
7.294,-43.29,0
7.318,-42.829,0
7.341,-42.382,0
7.365,-41.971,0
7.389,-41.586,0
7.413,-41.201,0
7.437,-40.836,0
7.461,-40.496,0
7.485,-40.177,0
7.509,-39.866,0
7.533,-39.564,0
7.557,-39.283,0
7.581,-39.016,0
7.605,-38.771,0
7.628,-38.547,0
7.652,-38.338,0
7.676,-38.141,0
7.7,-37.949,0
7.724,-37.757,0
7.748,-37.582,0
7.772,-37.402,0
7.796,-37.24,0
7.82,-39.052,0
7.844,-40.054,0
7.868,-40.8,0
7.892,-41.233,0
7.916,-41.568,0
7.939,-41.879,0
7.963,-41.85,0
7.987,-41.657,0
8.011,-41.611,0
8.107,-41.592,0
8.131,-41.162,0
8.155,-40.962,0
8.179,-41.248,0
8.203,-41.902,0
8.226,-42.737,0
8.25,-43.406,0
8.274,-43.793,0
8.298,-43.92,0
8.322,-43.855,0
8.346,-43.665,0
8.37,-43.398,0
8.394,-43.086,0
8.418,-42.751,0
8.442,-42.394,0
8.466,-42.024,0
8.49,-41.658,0
8.514,-41.305,0
8.537,-40.966,0
8.561,-40.635,0
8.585,-40.319,0
8.609,-40.01,0
8.633,-39.7,0
8.657,-39.401,0
8.681,-39.121,0
8.705,-38.864,0
8.729,-38.622,0
8.753,-38.402,0
8.777,-38.192,0
8.801,-37.985,0
8.824,-37.79,0
8.848,-37.599,0
8.872,-37.425,0
8.896,-37.27,0
8.92,-37.122,0
8.944,-36.986,0
8.968,-36.848,0
8.992,-36.715,0
9.016,-36.587,0
9.11,-36.371,0
9.134,-36.262,0
9.158,-36.149,0
9.182,-36.042,0
9.206,-35.942,0
9.23,-35.865,0
9.254,-35.797,0
9.278,-35.725,0
9.302,-35.666,0
9.326,-35.608,0
9.35,-35.55,0
9.374,-35.491,0
9.398,-35.436,0
9.421,-35.395,0
9.445,-35.361,0
9.469,-35.325,0
9.493,-35.283,0
9.517,-35.247,0
9.541,-35.211,0
9.565,-35.191,0
9.589,-35.174,0
9.613,-35.155,0
9.637,-35.139,0
9.661,-35.124,0
9.685,-35.108,0
9.708,-35.081,0
9.732,-35.053,0
9.756,-35.03,0
9.78,-35.018,0
9.804,-35.019,0
9.828,-35.024,0
9.852,-35.014,0
9.876,-35.003,0
9.9,-34.999,0
9.924,-34.989,0
9.948,-34.981,0
9.972,-34.976,0
9.996,-34.969,0
10.019,-34.958,0
10.115,-34.876,0
10.14,-34.888,0
10.165,-34.907,0
10.19,-34.915,0
10.215,-34.91,0
10.24,-34.904,0
10.265,-34.899,0
10.29,-34.897,0
10.315,-34.894,0
10.34,-34.9,0
10.365,-34.921,0
10.39,-34.937,0
10.415,-34.949,0
10.44,-34.977,0
10.465,-35.015,0
10.49,-35.038,0
10.514,-35.043,0
10.539,-35.054,0
10.564,-35.081,0
10.589,-35.11,0
10.614,-35.115,0
10.639,-35.124,0
10.664,-35.14,0
10.689,-35.125,0.012
10.714,-35.13,0.035
10.739,-35.133,0.07
10.764,-35.144,0.094
10.789,-35.145,0.117
10.814,-35.146,0.152
10.839,-35.156,0.188
10.864,-35.183,0.211
10.889,-35.207,0.235
10.914,-35.199,0.258
10.939,-35.187,0.282
10.964,-35.18,0.317
10.989,-35.166,0.34
11.014,-35.163,0.364
11.109,-35.153,0.457
11.134,-35.151,0.481
11.159,-35.154,0.504
11.184,-35.165,0.551
11.209,-35.18,0.598
11.234,-35.199,0.587
11.259,-35.245,0.598
11.284,-35.305,0.692
11.309,-35.305,0.657
11.334,-35.432,0.692
11.359,-35.48,0.762
11.384,-35.621,0.716
11.409,-35.717,0.739
11.434,-35.777,0.786
11.459,-35.779,0.809
11.484,-35.899,0.774
11.509,-35.838,0.821
11.534,-35.861,0.833
11.559,-35.766,0.845
11.584,-35.719,0.821
11.609,-35.665,0.868
11.634,-35.757,0.845
11.658,-35.906,0.903
11.683,-36.103,0.88
11.708,-36.281,0.868
11.733,-36.35,0.903
11.758,-36.385,0.903
11.783,-36.421,0.938
11.808,-36.411,0.915
11.833,-36.381,0.927
11.858,-36.303,0.974
11.883,-36.264,0.938
11.908,-36.183,0.938
11.933,-36.172,0.974
11.958,-36.157,0.974
11.983,-36.055,0.938
12.008,-36.077,0.938
12.105,-36.053,0.974
12.13,-35.923,0.985
12.155,-35.822,0.974
12.18,-35.781,1.044
12.204,-35.65,1.009
12.229,-35.51,1.021
12.254,-35.403,1.067
12.279,-35.419,1.056
12.304,-35.547,1.044
12.329,-35.649,1.067
12.354,-35.651,1.067
12.379,-35.751,1.044
12.404,-35.723,1.067
12.429,-35.695,1.032
12.454,-35.565,1.044
12.479,-35.481,1.091
12.504,-35.464,1.067
12.529,-35.357,1.056
12.554,-35.419,1.067
12.579,-35.455,1.056
12.604,-35.427,1.056
12.629,-35.289,1.114
12.654,-35.339,1.044
12.679,-35.421,1.067
12.704,-35.651,1.079
12.729,-35.708,1.126
12.754,-35.549,1.091
12.779,-35.647,1.091
12.804,-35.644,1.091
12.828,-35.715,1.103
12.853,-35.669,1.103
12.878,-35.48,1.114
12.903,-35.593,1.103
12.928,-35.633,1.114
12.953,-35.818,1.126
12.978,-35.79,1.161
13.003,-35.709,1.138
13.099,-35.441,1.15
13.124,-35.138,1.161
13.149,-34.771,1.161
13.174,-34.698,1.173
13.199,-34.738,1.208
13.224,-34.876,1.173
13.249,-35.051,1.196
13.274,-35.002,1.196
13.299,-34.768,1.22
13.324,-34.545,1.196
13.348,-34.437,1.208
13.373,-34.562,1.243
13.398,-34.753,1.255
13.423,-34.992,1.22
13.448,-35.33,1.22
13.473,-35.393,1.255
13.498,-35.282,1.22
13.523,-35.191,1.232
13.548,-34.865,1.232
13.573,-34.737,1.279
13.598,-34.819,1.255
13.623,-35.035,1.243
13.648,-35.313,1.255
13.673,-35.62,1.255
13.698,-35.978,1.22
13.723,-36.108,1.255
13.748,-36.048,1.255
13.773,-35.79,1.243
13.798,-35.577,1.255
13.823,-35.281,1.279
13.848,-34.977,1.326
13.873,-34.86,1.267
13.898,-34.939,1.29
13.923,-35.137,1.314
13.948,-35.397,1.314
13.972,-35.636,1.29
13.997,-36.032,1.302
14.022,-36.496,1.326
14.119,-36.586,1.302
14.144,-36.494,1.349
14.169,-36.163,1.314
14.194,-35.917,1.326
14.219,-35.881,1.337
14.244,-36.049,1.384
14.269,-36.37,1.326
14.294,-36.784,1.349
14.319,-37.204,1.337
14.344,-37.493,1.337
14.369,-37.845,1.349
14.394,-38.371,1.314
14.419,-38.923,1.314
14.444,-39.291,1.349
14.469,-39.362,1.396
14.494,-39.217,1.314
14.518,-38.836,1.349
14.543,-38.31,1.384
14.568,-37.714,1.396
14.593,-37.085,1.372
14.618,-36.4,1.361
14.643,-35.668,1.408
14.668,-34.989,1.361
14.693,-34.433,1.361
14.718,-34.034,1.361
14.743,-33.717,1.361
14.768,-33.565,1.372
14.793,-33.189,1.396
14.818,-32.655,1.419
14.843,-32.151,1.384
14.868,-31.635,1.384
14.893,-31.153,1.419
14.918,-30.669,1.419
14.943,-30.204,1.384
14.968,-29.83,1.396
14.993,-29.55,1.443
15.018,-29.356,1.419
15.115,-29.639,1.396
15.14,-30.335,1.419
15.165,-31.215,1.419
15.19,-32.218,1.419
15.215,-33.255,1.466
15.24,-34.314,1.408
15.265,-35.361,1.419
15.29,-36.359,1.443
15.315,-37.343,1.408
15.34,-38.285,1.419
15.365,-39.198,1.466
15.39,-40.06,1.408
15.415,-40.845,1.419
15.44,-41.62,1.431
15.465,-42.359,1.49
15.49,-43.072,1.408
15.515,-43.754,1.443
15.54,-44.413,1.478
15.565,-45.055,1.431
15.59,-45.681,1.443
15.615,-46.236,1.431
15.64,-46.81,1.443
15.665,-47.352,1.419
15.69,-47.913,1.49
15.714,-48.309,1.455
15.739,-48.544,1.478
15.764,-48.608,1.419
15.789,-48.493,1.455
15.814,-48.194,1.49
15.839,-47.735,1.49
15.864,-47.14,1.466
15.889,-46.437,1.455
15.914,-45.644,1.419
15.939,-44.789,1.455
15.964,-43.856,1.466
15.989,-42.9,1.49
16.014,-41.884,1.455
16.11,-40.502,1.455
16.135,-39.681,1.466
16.16,-38.867,1.478
16.185,-38.018,1.513
16.21,-37.117,1.49
16.234,-36.227,1.478
16.259,-35.409,1.478
16.284,-34.707,1.513
16.309,-34.186,1.466
16.334,-33.789,1.49
16.359,-33.344,1.478
16.384,-32.777,1.455
16.409,-32.019,1.478
16.434,-31.141,1.49
16.459,-30.219,1.513
16.484,-29.322,1.478
16.509,-28.489,1.49
16.534,-27.768,1.501
16.559,-27.139,1.49
16.584,-26.646,1.501
16.609,-26.428,1.537
16.634,-26.586,1.49
16.659,-27.319,1.513
16.684,-27.923,1.525
16.709,-27.941,1.478
16.734,-27.524,1.525
16.759,-27.38,1.513
16.784,-27.123,1.501
16.809,-27.039,1.525
16.834,-26.887,1.56
16.858,-26.636,1.525
16.883,-26.678,1.548
16.908,-26.785,1.56
16.933,-27.1,1.501
16.958,-27.478,1.513
16.983,-28.054,1.56
17.008,-28.576,1.501
17.105,-28.502,1.537
17.13,-28.5,1.548
17.155,-28.084,1.537
17.18,-27.502,1.537
17.205,-26.793,1.572
17.23,-25.93,1.525
17.255,-25.104,1.537
17.28,-24.614,1.595
17.305,-24.493,1.548
17.33,-24.826,1.572
17.355,-25.147,1.584
17.38,-25.513,1.548
17.404,-27.002,1.548
17.429,-28.515,1.548
17.454,-29.972,1.548
17.479,-31.058,1.548
17.504,-31.828,1.56
17.529,-32.343,1.548
17.554,-32.681,1.56
17.579,-32.758,1.525
17.604,-32.381,1.548
17.629,-31.848,1.56
17.654,-31.084,1.56
17.679,-30.16,1.548
17.704,-29.422,1.56
17.729,-29.012,1.56
17.754,-28.733,1.548
17.779,-28.359,1.56
17.804,-28.302,1.584
17.829,-28.669,1.548
17.854,-29.327,1.619
17.879,-29.922,1.56
17.904,-30.416,1.56
17.929,-30.753,1.584
17.954,-30.996,1.607
17.979,-30.915,1.548
18.004,-30.423,1.572
18.1,-29.911,1.572
18.125,-29.169,1.584
18.15,-28.746,1.584
18.175,-28.252,1.619
18.2,-27.82,1.595
18.225,-27.894,1.572
18.25,-28.24,1.595
18.275,-28.819,1.584
18.3,-29.134,1.607
18.325,-29.349,1.584
18.35,-29.518,1.584
18.375,-29.251,1.607
18.4,-28.701,1.548
18.425,-27.889,1.572
18.45,-27.064,1.619
18.475,-26.5,1.584
18.5,-26.074,1.584
18.525,-25.57,1.619
18.55,-25.534,1.584
18.574,-25.823,1.584
18.599,-26.379,1.63
18.624,-26.826,1.572
18.649,-27.122,1.584
18.674,-27.357,1.619
18.699,-27.128,1.595
18.724,-26.663,1.619
18.749,-25.955,1.63
18.774,-25.283,1.584
18.799,-24.889,1.595
18.824,-24.451,1.607
18.849,-24.163,1.595
18.874,-24.316,1.584
18.899,-24.779,1.619
18.924,-25.334,1.584
18.949,-25.684,1.63
18.974,-25.937,1.584
18.999,-26.105,1.584
19.024,-25.853,1.63
19.119,-25.608,1.595
19.144,-25.2,1.56
19.169,-24.976,1.595
19.194,-24.646,1.63
19.219,-24.813,1.584
19.244,-25.288,1.584
19.269,-25.917,1.63
19.294,-26.32,1.595
19.319,-26.555,1.595
19.344,-26.691,1.63
19.369,-26.352,1.595
19.394,-25.779,1.595
19.419,-25.038,1.595
19.444,-24.442,1.595
19.469,-24.051,1.584
19.494,-23.737,1.63
19.519,-23.878,1.619
19.544,-24.307,1.595
19.569,-24.854,1.56
19.594,-25.192,1.595
19.619,-25.374,1.595
19.644,-25.515,1.595
19.669,-25.252,1.595
19.694,-24.754,1.63
19.718,-24.052,1.584
19.743,-23.421,1.595
19.768,-23.076,1.584
19.793,-22.657,1.63
19.818,-22.494,1.595
19.843,-22.659,1.63
19.868,-23.111,1.572
19.893,-23.444,1.595
19.918,-23.701,1.595
19.943,-23.981,1.595
19.968,-23.929,1.595
19.993,-23.605,1.63
20.018,-23.04,1.619
20.115,-23.115,1.63
20.14,-22.628,1.607
20.165,-22.644,1.654
20.19,-22.965,1.595
20.215,-23.533,1.607
20.24,-23.949,1.595
20.264,-24.349,1.619
20.289,-24.359,1.619
20.314,-24.003,1.642
20.339,-23.399,1.619
20.364,-22.892,1.619
20.389,-22.625,1.595
20.414,-22.274,1.619
20.439,-22.465,1.607
20.464,-22.988,1.654
20.489,-23.629,1.63
20.514,-24.174,1.63
20.539,-24.531,1.619
20.564,-24.627,1.619
20.589,-24.334,1.63
20.614,-23.881,1.63
20.639,-23.602,1.595
20.664,-23.241,1.619
20.689,-23.136,1.642
20.714,-23.328,1.619
20.739,-23.869,1.619
20.764,-24.265,1.642
20.789,-24.548,1.619
20.814,-24.832,1.619
20.839,-24.649,1.63
20.864,-24.15,1.595
20.888,-23.561,1.619
20.913,-23.18,1.619
20.938,-22.593,1.666
20.963,-22.466,1.619
20.988,-22.709,1.619
21.013,-22.956,1.619
21.11,-22.653,1.654
21.135,-22.547,1.619
21.16,-22.029,1.63
21.185,-21.59,1.654
21.21,-21.279,1.607
21.235,-20.986,1.654
21.26,-21.1,1.654
21.285,-21.469,1.619
21.31,-21.827,1.654
21.335,-22.078,1.619
21.36,-22.402,1.63
21.385,-22.304,1.63
21.41,-21.836,1.677
21.434,-21.363,1.63
21.459,-21.035,1.63
21.484,-20.625,1.677
21.509,-20.663,1.619
21.534,-20.979,1.666
21.559,-21.318,1.642
21.584,-21.61,1.63
21.609,-21.871,1.63
21.634,-21.694,1.619
21.659,-21.257,1.619
21.684,-20.74,1.654
21.709,-20.497,1.654
21.734,-20.108,1.63
21.759,-20.09,1.63
21.784,-20.454,1.654
21.809,-20.674,1.654
21.834,-20.883,1.654
21.859,-21.065,1.607
21.884,-20.864,1.642
21.909,-20.393,1.654
21.934,-19.915,1.607
21.959,-19.699,1.642
21.984,-19.427,1.642
22.009,-19.772,1.642
22.107,-19.445,1.666
22.132,-19.416,1.642
22.157,-19.092,1.677
22.182,-18.562,1.677
22.207,-18.23,1.689
22.232,-17.865,1.677
22.257,-17.702,1.677
22.282,-17.78,1.63
22.307,-18.131,1.689
22.332,-18.383,1.689
22.357,-18.676,1.642
22.382,-18.565,1.642
22.407,-18.202,1.654
22.432,-17.854,1.689
22.457,-17.574,1.654
22.482,-17.302,1.654
22.507,-17.273,1.63
22.532,-17.492,1.654
22.557,-17.657,1.677
22.582,-18.08,1.654
22.607,-18.058,1.654
22.632,-17.76,1.654
22.656,-17.451,1.642
22.681,-17.229,1.642
22.706,-16.838,1.654
22.731,-16.742,1.701
22.756,-16.936,1.642
22.781,-17.015,1.654
22.806,-17.217,1.689
22.831,-17.37,1.642
22.856,-17.211,1.642
22.881,-16.898,1.654
22.906,-16.753,1.666
22.931,-16.328,1.642
22.956,-16.213,1.654
22.981,-16.357,1.689
23.006,-16.585,1.642
23.102,-16.6,1.654
23.127,-16.619,1.654
23.152,-16.3,1.666
23.176,-15.953,1.666
23.201,-15.752,1.689
23.226,-15.323,1.654
23.251,-15.249,1.677
23.276,-15.45,1.689
23.301,-15.556,1.666
23.326,-15.791,1.666
23.351,-15.902,1.642
23.376,-15.754,1.666
23.401,-15.397,1.666
23.426,-15.258,1.701
23.451,-15.025,1.666
23.476,-14.972,1.642
23.501,-15.145,1.666
23.526,-15.529,1.642
23.551,-15.864,1.654
23.576,-16.316,1.666
23.601,-16.528,1.701
23.626,-16.461,1.689
23.651,-16.306,1.654
23.676,-16.5,1.713
23.701,-16.587,1.689
23.726,-16.933,1.666
23.751,-17.491,1.654
23.776,-17.844,1.666
23.8,-18.184,1.666
23.825,-18.311,1.654
23.85,-18.139,1.689
23.875,-17.781,1.666
23.9,-17.65,1.666
23.925,-17.31,1.701
23.95,-17.294,1.654
23.975,-17.461,1.666
24,-17.718,1.642
24.097,-17.268,1.666
24.122,-16.811,1.654
24.147,-16.427,1.677
24.172,-16.14,1.666
24.197,-15.718,1.666
24.222,-15.677,1.666
24.247,-15.931,1.642
24.272,-16.099,1.666
24.297,-16.383,1.701
24.322,-16.646,1.642
24.346,-16.626,1.666
24.371,-16.35,1.654
24.396,-16.131,1.666
24.421,-15.858,1.666
24.446,-15.649,1.689
24.471,-15.725,1.654
24.496,-15.918,1.666
24.521,-16.188,1.701
24.546,-16.553,1.666
24.571,-16.568,1.724
24.596,-16.361,1.677
24.621,-16.068,1.666
24.646,-15.903,1.677
24.671,-15.659,1.677
24.696,-15.817,1.677
24.721,-16.284,1.701
24.746,-16.588,1.677
24.771,-16.95,1.677
24.796,-16.966,1.701
24.821,-16.743,1.701
24.846,-16.661,1.701
24.871,-16.281,1.701
24.896,-16.232,1.736
24.921,-16.493,1.689
24.946,-16.608,1.689
24.97,-16.802,1.713
24.995,-16.636,1.713
25.02,-16.302,1.748
25.119,-16.103,1.736
25.144,-16.048,1.701
25.169,-16.142,1.736
25.194,-15.847,1.713
25.219,-15.608,1.724
25.244,-15.044,1.736
25.269,-14.759,1.713
25.294,-14.798,1.748
25.319,-14.764,1.748
25.344,-14.784,1.713
25.369,-14.472,1.689
25.394,-14.211,1.713
25.419,-13.595,1.713
25.444,-13.186,1.736
25.469,-13.056,1.713
25.494,-12.919,1.724
25.519,-12.831,1.748
25.544,-12.492,1.713
25.568,-12.145,1.76
25.593,-11.475,1.713
25.618,-10.914,1.713
25.643,-10.507,1.748
25.668,-10.272,1.689
25.693,-9.971,1.701
25.717,-9.537,1.724
25.741,-9.023,1.713
25.765,-8.532,1.713
25.789,-7.831,1.689
25.813,-7.073,1.713
25.837,-6.436,1.748
25.861,-5.965,1.748
25.885,-5.624,1.748
25.909,-5.451,1.748
25.932,-5.393,1.748
25.956,-5.179,1.76
25.98,-4.826,1.701
26.004,-4.406,1.689
26.101,-3.324,1.713
26.125,-3.049,1.713
26.149,-2.958,1.713
26.173,-2.891,1.713
26.197,-2.649,1.713
26.221,-2.27,1.713
26.244,-1.853,1.713
26.268,-1.375,1.689
26.292,-0.673,1.736
26.316,-0.09,1.736
26.34,0.424,1.724
26.363,0.78,1.701
26.386,0.988,1.701
26.409,1.11,1.701
26.432,1.101,1.689
26.455,0.945,1.701
26.477,0.73,1.689
26.5,0.568,1.713
26.523,0.537,1.724
26.546,0.635,1.701
26.569,0.828,1.701
26.592,1.101,1.701
26.615,1.436,1.713
26.638,1.774,1.701
26.661,2.082,1.689
26.683,2.401,1.701
26.706,2.833,1.689
26.729,3.377,1.76
26.752,3.917,1.689
26.775,4.351,1.736
26.798,4.693,1.689
26.821,4.983,1.713
26.844,5.174,1.701
26.866,5.203,1.748
26.889,5.122,1.701
26.912,4.959,1.748
26.935,4.677,1.748
26.958,4.251,1.689
26.981,3.758,1.713
27.004,3.311,1.736
27.097,2.83,1.736
27.12,2.628,1.736
27.143,2.626,1.736
27.166,2.923,1.713
27.189,3.28,1.701
27.212,3.509,1.724
27.235,3.689,1.713
27.257,3.722,1.701
27.28,3.589,1.748
27.303,3.381,1.713
27.326,3.083,1.724
27.349,2.653,1.689
27.372,2.183,1.701
27.395,1.751,1.689
27.418,1.475,1.748
27.44,1.31,1.701
27.463,1.3,1.689
27.486,1.364,1.748
27.509,1.491,1.748
27.532,1.666,1.677
27.555,1.842,1.748
27.578,1.995,1.713
27.601,2.258,1.701
27.624,2.741,1.701
27.646,3.309,1.748
27.669,3.779,1.701
27.692,4.131,1.748
27.715,4.311,1.689
27.738,4.388,1.689
27.761,4.312,1.701
27.784,4.107,1.689
27.807,3.882,1.748
27.829,3.548,1.701
27.852,3.201,1.736
27.875,2.888,1.713
27.898,2.693,1.724
27.921,2.694,1.701
27.944,2.822,1.701
27.967,3.001,1.748
27.99,3.228,1.701
28.012,3.486,1.736
28.108,4.108,1.642
28.131,4.549,1.642
28.154,4.88,1.595
28.177,5.123,1.584
28.2,5.268,1.584
28.223,5.411,1.513
28.245,5.52,1.478
28.268,5.585,1.548
28.291,5.606,1.49
28.314,5.622,1.537
28.337,5.672,1.49
28.36,5.792,1.501
28.383,6.01,1.49
28.406,6.324,1.537
28.428,6.687,1.501
28.451,7.072,1.478
28.474,7.46,1.501
28.497,7.847,1.49
28.52,8.22,1.49
28.543,8.58,1.49
28.566,8.928,1.537
28.589,9.272,1.478
28.612,9.5,1.537
28.634,9.634,1.49
28.657,9.642,1.525
28.68,9.573,1.49
28.703,9.436,1.501
28.726,9.256,1.537
28.749,9.056,1.49
28.772,8.9,1.478
28.795,8.798,1.501
28.817,8.725,1.501
28.84,8.698,1.49
28.863,8.702,1.466
28.886,8.694,1.525
28.909,8.711,1.49
28.932,8.638,1.501
28.955,8.614,1.49
28.978,8.556,1.537
29,8.461,1.478
29.096,8.554,1.49
29.119,8.096,1.501
29.142,7.444,1.501
29.165,6.827,1.466
29.188,6.298,1.501
29.211,5.801,1.49
29.233,4.117,1.537
29.256,2.557,1.501
29.279,1.048,1.525
29.302,-0.383,1.548
NaN,NaN,NaN
0.004,-0.003,0.152
0.084,-0.143,0.141
0.107,-0.259,0.141
0.13,-0.388,0.141
0.153,-0.528,0.152
0.176,-0.678,0.141
0.199,-0.838,0.141
0.222,-1.009,0.141
0.244,-1.189,0.141
0.267,-1.38,0.152
0.29,-1.58,0.152
0.313,-1.789,0.141
0.336,-2.007,0.141
0.359,-2.236,0.141
0.382,-2.474,0.152
0.405,-2.732,0.141
0.428,-3.012,0.141
0.45,-3.314,0.141
0.473,-3.636,0.141
0.496,-3.983,0.141
0.519,-4.352,0.152
0.542,-4.742,0.141
0.565,-5.154,0.141
0.588,-5.587,0.141
0.611,-6.044,0.141
0.633,-6.521,0.141
0.656,-7.019,0.141
0.679,-7.536,0.141
0.702,-8.073,0.141
0.725,-8.626,0.141
0.748,-9.198,0.141
0.771,-9.788,0.152
0.794,-10.39,0.141
0.818,-11.012,0.141
0.841,-11.649,0.141
0.865,-12.299,0.141
0.889,-12.958,0.152
0.913,-13.625,0.141
0.937,-14.304,0.141
0.961,-14.991,0.141
0.985,-15.684,0.141
1.009,-16.381,0.141
1.103,-17.561,0.152
1.127,-18.33,0.141
1.151,-19.091,0.141
1.175,-19.835,0.152
1.199,-20.569,0.141
1.223,-21.286,0.141
1.247,-21.988,0.141
1.271,-22.673,0.141
1.295,-23.344,0.152
1.319,-23.995,0.141
1.343,-24.632,0.141
1.367,-25.249,0.141
1.391,-25.85,0.141
1.414,-26.434,0.141
1.438,-26.999,0.141
1.462,-27.55,0.141
1.486,-28.087,0.141
1.51,-28.605,0.141
1.534,-29.106,0.152
1.558,-29.591,0.141
1.582,-30.06,0.141
1.606,-30.514,0.152
1.63,-30.947,0.141
1.654,-31.361,0.152
1.678,-31.757,0.141
1.702,-32.137,0.152
1.725,-32.502,0.141
1.749,-32.855,0.152
1.773,-33.193,0.141
1.797,-33.52,0.141
1.821,-33.832,0.152
1.845,-34.126,0.141
1.869,-34.41,0.141
1.893,-34.679,0.152
1.917,-34.939,0.152
1.941,-35.181,0.152
1.965,-35.412,0.141
1.989,-35.64,0.152
2.012,-35.857,0.141
2.107,-36.743,0
2.131,-36.889,0
2.155,-37.018,0
2.179,-37.139,0
2.203,-37.254,0
2.227,-37.357,0
2.251,-37.452,0
2.275,-37.531,0
2.298,-37.607,0
2.322,-37.689,0
2.346,-37.765,0
2.37,-37.835,0
2.394,-37.902,0
2.418,-37.955,0
2.442,-37.999,0
2.466,-38.043,0
2.49,-39.112,0
2.514,-39.642,0
2.538,-40.137,0
2.562,-40.591,0
2.586,-40.919,0.023
2.609,-41.377,0
2.633,-42.075,0
2.657,-42.834,0
2.681,-43.479,0
2.705,-43.915,0
2.729,-44.136,0
2.753,-44.425,0
2.777,-44.743,0
2.801,-44.997,0
2.825,-45.13,0
2.849,-45.121,0
2.873,-45.392,0
2.896,-45.905,0
2.92,-46.458,0
2.944,-46.864,0
2.968,-47.085,0
2.992,-47.135,0
3.016,-47.736,0
3.112,-48.739,0
3.136,-49.127,0
3.16,-49.522,0
3.184,-49.74,0
3.207,-49.748,0
3.231,-49.583,0
3.255,-49.285,0
3.279,-49.475,0
3.303,-49.388,0
3.327,-49.306,0
3.351,-48.926,0.035
3.375,-48.629,0
3.399,-48.785,0
3.423,-49.309,0
3.447,-49.851,0
3.471,-50.165,0
3.494,-50.231,0
3.518,-50.1,0
3.542,-49.811,0
3.566,-49.409,0
3.59,-48.956,0
3.614,-48.466,0
3.638,-47.954,0
3.662,-47.439,0
3.686,-46.941,0
3.71,-46.461,0
3.734,-45.986,0
3.758,-45.515,0
3.782,-45.064,0
3.805,-44.611,0
3.829,-44.172,0
3.853,-43.759,0
3.877,-43.371,0
3.901,-43.005,0
3.925,-42.658,0
3.949,-42.326,0
3.973,-42.011,0
3.997,-41.704,0
4.021,-41.412,0
4.115,-41.34,0
4.139,-40.996,0
4.163,-40.666,0
4.187,-40.37,0
4.211,-40.105,0
4.235,-39.856,0
4.259,-39.636,0
4.283,-39.416,0
4.307,-39.214,0
4.331,-39.014,0
4.355,-40.051,0
4.378,-40.879,0
4.402,-41.456,0.035
4.426,-41.874,0
4.45,-42.186,0
4.474,-42.433,0.012
4.498,-42.631,0
4.522,-42.794,0.035
4.546,-42.932,0
4.57,-43.052,0
4.594,-43.158,0.023
4.618,-43.25,0
4.642,-43.333,0.035
4.666,-43.41,0
4.689,-43.479,0
4.713,-43.846,0
4.737,-44.445,0
4.761,-45.112,0
4.785,-45.671,0
4.809,-46.007,0
4.833,-46.116,0
4.857,-46.045,0
4.881,-45.841,0
4.905,-45.542,0
4.929,-45.192,0
4.953,-44.802,0
4.977,-44.393,0
5,-43.98,0
5.095,-43.736,0
5.119,-43.255,0
5.143,-42.797,0
5.167,-42.365,0
5.191,-41.958,0
5.215,-41.577,0
5.239,-41.22,0
5.262,-40.878,0
5.286,-40.553,0
5.31,-40.248,0
5.334,-39.96,0
5.358,-39.689,0
5.382,-39.424,0
5.406,-39.167,0
5.43,-38.926,0
5.454,-38.707,0
5.478,-38.508,0
5.502,-38.318,0
5.526,-38.139,0
5.55,-37.967,0
5.573,-37.796,0
5.597,-37.629,0
5.621,-37.478,0
5.645,-37.34,0
5.669,-37.216,0
5.693,-37.092,0
5.717,-36.97,0
5.741,-36.85,0
5.765,-36.733,0
5.789,-36.621,0
5.813,-36.507,0
5.837,-36.402,0
5.86,-36.308,0
5.884,-36.222,0
5.908,-36.141,0
5.932,-36.071,0
5.956,-35.999,0
5.98,-35.931,0
6.004,-35.883,0
6.099,-35.793,0.012
6.123,-35.748,0
6.146,-35.699,0
6.17,-35.651,0
6.194,-35.608,0
6.218,-35.579,0
6.242,-35.537,0
6.266,-35.494,0
6.29,-35.45,0
6.314,-35.409,0
6.338,-35.384,0
6.362,-35.359,0
6.386,-35.335,0
6.41,-35.308,0
6.434,-35.279,0
6.457,-35.244,0
6.481,-35.222,0
6.505,-35.21,0
6.529,-35.208,0
6.553,-35.209,0
6.577,-35.223,0
6.601,-35.229,0
6.625,-35.241,0
6.649,-35.24,0
6.673,-35.233,0
6.697,-35.23,0
6.721,-35.229,0
6.744,-35.225,0
6.768,-35.214,0
6.792,-35.183,0
6.816,-35.168,0
6.84,-35.155,0
6.864,-35.141,0
6.888,-35.131,0
6.912,-35.132,0
6.936,-35.13,0
6.96,-35.125,0
6.984,-35.115,0
7.008,-35.108,0
7.102,-35.082,0
7.126,-35.075,0
7.15,-35.073,0
7.174,-35.066,0
7.198,-35.064,0
7.222,-35.086,0
7.246,-35.103,0
7.27,-35.117,0
7.294,-35.142,0
7.318,-35.158,0
7.341,-35.162,0
7.365,-35.163,0
7.389,-35.158,0
7.413,-35.172,0
7.437,-35.18,0
7.461,-35.175,0
7.485,-35.172,0
7.509,-35.161,0
7.533,-35.16,0
7.557,-35.145,0
7.581,-35.149,0
7.605,-35.163,0
7.629,-35.175,0
7.652,-35.187,0
7.676,-35.19,0
7.7,-35.193,0
7.724,-35.21,0
7.748,-35.218,0
7.772,-35.228,0
7.796,-35.225,0
7.82,-35.226,0
7.844,-35.211,0
7.868,-35.195,0
7.892,-35.176,0
7.916,-35.159,0
7.939,-35.146,0
7.963,-35.139,0
7.987,-35.133,0
8.011,-35.138,0
8.106,-35.152,0
8.13,-35.177,0
8.154,-35.198,0
8.178,-35.202,0
8.202,-35.199,0
8.225,-35.191,0
8.249,-35.188,0
8.273,-35.183,0
8.297,-35.191,0
8.321,-35.191,0
8.345,-35.19,0
8.369,-35.197,0
8.393,-35.226,0
8.417,-35.252,0
8.441,-35.271,0
8.465,-35.279,0
8.489,-35.291,0
8.512,-35.308,0
8.536,-35.313,0
8.56,-35.314,0
8.584,-35.312,0
8.608,-35.304,0
8.632,-35.293,0
8.656,-35.281,0
8.68,-35.274,0
8.704,-35.268,0
8.728,-35.256,0
8.752,-35.258,0
8.776,-35.26,0
8.8,-35.265,0
8.823,-35.274,0
8.847,-35.286,0
8.871,-35.307,0
8.895,-35.314,0
8.919,-35.325,0
8.943,-35.34,0
8.967,-35.356,0
8.991,-35.365,0
9.015,-35.386,0
9.109,-35.427,0
9.133,-35.432,0
9.157,-35.421,0
9.181,-35.418,0
9.205,-35.407,0
9.229,-35.404,0
9.253,-35.39,0
9.277,-35.378,0
9.301,-35.366,0
9.325,-35.349,0
9.349,-35.338,0
9.373,-35.336,0
9.396,-35.322,0
9.42,-35.303,0
9.444,-35.283,0
9.468,-35.267,0
9.492,-35.245,0
9.516,-35.227,0
9.54,-35.237,0
9.564,-35.249,0
9.588,-35.259,0
9.612,-35.266,0
9.636,-35.28,0
9.66,-35.288,0
9.684,-35.295,0
9.707,-35.306,0
9.731,-35.312,0
9.755,-35.312,0
9.779,-35.312,0
9.803,-35.312,0
9.827,-35.301,0
9.851,-35.293,0
9.875,-35.285,0
9.899,-35.28,0
9.923,-35.276,0
9.947,-35.275,0
9.971,-35.277,0
9.994,-35.291,0
10.018,-35.304,0
10.114,-35.325,0
10.139,-35.321,0
10.164,-35.318,0
10.189,-35.312,0
10.214,-35.298,0
10.239,-35.289,0
10.264,-35.271,0
10.289,-35.26,0
10.314,-35.253,0
10.339,-35.257,0
10.364,-35.27,0
10.389,-35.283,0
10.414,-35.289,0
10.439,-35.287,0
10.464,-35.292,0
10.488,-35.298,0
10.513,-35.304,0
10.538,-35.309,0
10.563,-35.308,0
10.588,-35.303,0
10.613,-35.297,0
10.638,-35.3,0
10.663,-35.299,0
10.688,-35.299,0
10.713,-35.293,0
10.738,-35.284,0
10.763,-35.287,0
10.788,-35.27,0
10.813,-35.258,0
10.838,-35.257,0
10.863,-35.262,0
10.888,-35.281,0
10.913,-35.292,0
10.938,-35.299,0
10.963,-35.3,0
10.988,-35.298,0
11.013,-35.31,0
11.108,-35.355,0
11.133,-35.355,0
11.158,-35.344,0
11.183,-35.341,0
11.208,-35.325,0.012
11.233,-35.302,0
11.258,-35.265,0.012
11.283,-35.241,0
11.308,-35.229,0
11.333,-35.226,0
11.358,-35.219,0
11.383,-35.236,0
11.408,-35.243,0
11.433,-35.245,0
11.458,-35.241,0
11.483,-35.236,0
11.508,-35.231,0.012
11.533,-35.228,0
11.558,-35.224,0
11.583,-35.225,0
11.608,-35.237,0.012
11.632,-35.244,0
11.657,-35.256,0
11.682,-35.258,0
11.707,-35.263,0
11.732,-35.273,0
11.757,-35.274,0.012
11.782,-35.276,0
11.807,-35.273,0
11.832,-35.263,0
11.857,-35.249,0.012
11.882,-35.232,0
11.907,-35.222,0
11.932,-35.225,0
11.957,-35.227,0.012
11.982,-35.234,0
12.007,-35.241,0
12.103,-35.277,0
12.128,-35.279,0
12.152,-35.276,0.012
12.177,-35.28,0
12.202,-35.296,0
12.227,-35.303,0
12.252,-35.318,0
12.277,-35.328,0
12.302,-35.337,0
12.327,-35.357,0
12.352,-35.354,0.012
12.377,-35.34,0
12.402,-35.332,0.012
12.427,-35.329,0.012
12.452,-35.32,0.012
12.477,-35.323,0.012
12.502,-35.332,0.023
12.527,-35.348,0.035
12.552,-35.36,0.047
12.577,-35.361,0.059
12.602,-35.355,0.07
12.627,-35.343,0.082
12.652,-35.329,0.094
12.677,-35.329,0.106
12.702,-35.341,0.117
12.727,-35.337,0.129
12.752,-35.334,0.152
12.776,-35.332,0.164
12.801,-35.336,0.188
12.826,-35.333,0.199
12.851,-35.345,0.223
12.876,-35.349,0.223
12.901,-35.356,0.246
12.926,-35.366,0.246
12.951,-35.38,0.27
12.976,-35.398,0.282
13.001,-35.414,0.293
13.097,-35.461,0.352
13.122,-35.446,0.364
13.147,-35.425,0.375
13.172,-35.402,0.399
13.197,-35.383,0.399
13.222,-35.367,0.422
13.247,-35.355,0.434
13.272,-35.353,0.457
13.296,-35.34,0.469
13.321,-35.325,0.469
13.346,-35.324,0.516
13.371,-35.305,0.516
13.396,-35.382,0.551
13.421,-35.383,0.563
13.446,-35.431,0.575
13.471,-35.561,0.598
13.496,-35.652,0.61
13.521,-35.663,0.622
13.546,-35.704,0.633
13.571,-35.765,0.587
13.596,-35.762,0.61
13.621,-35.805,0.645
13.646,-35.795,0.61
13.671,-35.829,0.645
13.696,-35.947,0.645
13.721,-35.889,0.633
13.746,-35.947,0.61
13.771,-35.855,0.657
13.796,-35.872,0.622
13.821,-35.893,0.645
13.846,-35.844,0.68
13.871,-35.916,0.633
13.896,-35.921,0.68
13.92,-35.874,0.68
13.945,-35.886,0.645
13.97,-35.834,0.704
13.995,-35.711,0.704
14.02,-35.667,0.657
14.116,-35.717,0.716
14.141,-35.753,0.68
14.166,-35.7,0.716
14.191,-35.764,0.716
14.216,-35.828,0.716
14.241,-35.864,0.692
14.266,-35.881,0.727
14.291,-35.908,0.68
14.316,-35.871,0.704
14.341,-35.833,0.727
14.366,-35.794,0.704
14.391,-35.768,0.727
14.416,-35.677,0.751
14.44,-35.673,0.704
14.465,-35.686,0.716
14.49,-35.655,0.751
14.515,-35.628,0.751
14.54,-35.606,0.704
14.565,-35.485,0.727
14.59,-35.518,0.751
14.615,-35.507,0.716
14.64,-35.529,0.727
14.665,-35.502,0.751
14.69,-35.513,0.727
14.715,-35.477,0.727
14.74,-35.47,0.762
14.765,-35.453,0.751
14.79,-35.444,0.727
14.815,-35.407,0.762
14.84,-35.435,0.762
14.865,-35.411,0.739
14.89,-35.457,0.739
14.915,-35.491,0.774
14.94,-35.544,0.739
14.965,-35.519,0.751
14.99,-35.516,0.774
15.015,-35.51,0.751
15.111,-35.47,0.774
15.136,-35.452,0.739
15.161,-35.469,0.751
15.186,-35.541,0.774
15.211,-35.523,0.762
15.236,-35.497,0.786
15.261,-35.578,0.798
15.286,-35.653,0.751
15.311,-35.677,0.774
15.336,-35.802,0.751
15.361,-35.9,0.774
15.386,-35.916,0.786
15.411,-35.998,0.798
15.436,-36.085,0.786
15.461,-36.073,0.786
15.486,-36.167,0.786
15.511,-36.269,0.774
15.536,-36.263,0.798
15.561,-36.341,0.809
15.586,-36.347,0.833
15.61,-36.304,0.798
15.635,-36.319,0.798
15.66,-36.24,0.845
15.685,-36.138,0.798
15.71,-35.936,0.833
15.735,-35.809,0.833
15.76,-35.724,0.798
15.785,-35.6,0.809
15.81,-35.657,0.833
15.835,-35.667,0.809
15.86,-35.652,0.809
15.885,-35.615,0.821
15.91,-35.59,0.833
15.935,-35.564,0.821
15.96,-35.477,0.833
15.985,-35.571,0.856
16.01,-35.559,0.821
16.107,-35.578,0.856
16.132,-35.456,0.868
16.156,-35.572,0.868
16.181,-35.592,0.821
16.206,-35.569,0.845
16.231,-35.495,0.833
16.256,-35.632,0.845
16.281,-35.625,0.856
16.306,-35.592,0.88
16.331,-35.46,0.856
16.356,-35.528,0.856
16.381,-35.562,0.891
16.406,-35.54,0.845
16.431,-35.381,0.868
16.456,-35.402,0.88
16.481,-35.413,0.856
16.506,-35.401,0.868
16.531,-35.272,0.88
16.556,-35.309,0.903
16.581,-35.332,0.891
16.606,-35.341,0.88
16.631,-35.3,0.915
16.656,-35.474,0.891
16.681,-35.582,0.903
16.706,-35.689,0.938
16.731,-35.591,0.903
16.756,-35.496,0.927
16.78,-35.466,0.95
16.805,-35.585,0.938
16.83,-35.623,0.927
16.855,-35.45,0.927
16.88,-35.513,0.938
16.905,-35.544,0.927
16.93,-35.529,0.962
16.955,-35.337,0.938
16.98,-35.254,0.962
17.005,-35.242,0.974
17.102,-35.478,0.95
17.127,-35.627,0.95
17.152,-35.627,0.95
17.177,-35.443,0.974
17.202,-35.144,0.962
17.227,-35.084,0.962
17.252,-35.099,0.997
17.277,-35.04,0.974
17.302,-34.839,0.974
17.326,-34.568,0.95
17.351,-34.539,0.962
17.376,-34.59,1.009
17.401,-34.592,1.009
17.426,-34.427,0.985
17.451,-34.141,1.021
17.476,-34.174,0.985
17.501,-34.264,1.009
17.526,-34.532,1.021
17.551,-34.583,1.032
17.576,-34.656,1.009
17.601,-34.79,1.021
17.626,-34.92,1.044
17.651,-35.117,1.032
17.676,-35.166,1.056
17.701,-35.069,1.067
17.726,-34.891,1.044
17.751,-34.946,1.044
17.776,-35.026,1.091
17.801,-35.234,1.056
17.826,-35.235,1.056
17.851,-35.068,1.079
17.876,-34.787,1.056
17.901,-34.738,1.067
17.926,-34.763,1.091
17.95,-34.906,1.079
17.975,-34.986,1.079
18,-34.953,1.126
18.096,-35.337,1.103
18.121,-35.321,1.091
18.146,-35.127,1.103
18.171,-34.994,1.079
18.196,-34.933,1.138
18.221,-35.025,1.138
18.246,-35.176,1.103
18.271,-35.515,1.114
18.296,-35.564,1.15
18.321,-35.43,1.103
18.346,-35.353,1.114
18.371,-35.137,1.161
18.396,-35.206,1.126
18.421,-35.397,1.138
18.446,-35.632,1.126
18.47,-35.887,1.138
18.495,-35.879,1.138
18.52,-35.674,1.126
18.545,-35.544,1.15
18.57,-35.301,1.173
18.595,-35.315,1.161
18.62,-35.458,1.15
18.645,-35.669,1.185
18.67,-36.017,1.161
18.695,-36.137,1.161
18.72,-36.121,1.161
18.745,-36.008,1.138
18.77,-35.714,1.161
18.795,-35.456,1.185
18.82,-35.424,1.185
18.845,-35.53,1.161
18.87,-35.68,1.196
18.895,-35.996,1.196
18.92,-36.145,1.173
18.945,-36.097,1.173
18.97,-35.849,1.173
18.995,-35.657,1.185
19.02,-35.345,1.185
19.115,-35.468,1.196
19.14,-35.191,1.232
19.165,-34.885,1.185
19.19,-34.612,1.208
19.215,-34.306,1.232
19.24,-34.04,1.22
19.265,-33.999,1.22
19.29,-34.133,1.196
19.315,-34.384,1.22
19.34,-34.638,1.255
19.365,-34.992,1.22
19.39,-35.298,1.232
19.415,-35.353,1.255
19.44,-35.268,1.243
19.465,-35.021,1.243
19.49,-34.839,1.267
19.515,-34.501,1.279
19.54,-34.197,1.255
19.565,-34.1,1.279
19.59,-34.261,1.243
19.614,-34.548,1.255
19.639,-34.912,1.267
19.664,-35.195,1.255
19.689,-35.767,1.267
19.714,-36.389,1.302
19.739,-36.8,1.267
19.764,-36.83,1.279
19.789,-36.679,1.29
19.814,-36.353,1.314
19.839,-35.983,1.279
19.864,-35.722,1.302
19.889,-35.285,1.326
19.914,-34.773,1.302
19.939,-34.408,1.337
19.964,-34.307,1.337
19.989,-34.47,1.314
20.014,-34.819,1.337
20.111,-35.811,1.337
20.136,-36.038,1.337
20.16,-35.931,1.326
20.185,-35.636,1.337
20.21,-35.198,1.337
20.235,-34.696,1.372
20.26,-34.172,1.384
20.285,-33.6,1.396
20.31,-33.021,1.361
20.335,-32.47,1.408
20.36,-32.095,1.361
20.385,-31.896,1.361
20.41,-31.815,1.372
20.435,-31.703,1.372
20.46,-31.418,1.372
20.485,-31.147,1.396
20.51,-30.743,1.372
20.535,-30.335,1.361
20.56,-29.867,1.384
20.585,-29.369,1.396
20.61,-28.89,1.419
20.635,-28.498,1.384
20.66,-28.176,1.419
20.685,-27.952,1.384
20.71,-27.853,1.419
20.735,-27.908,1.419
20.76,-28.154,1.372
20.784,-28.585,1.396
20.809,-29.205,1.396
20.834,-29.987,1.431
20.859,-30.904,1.431
20.884,-31.902,1.408
20.909,-32.957,1.419
20.934,-33.956,1.443
20.959,-34.947,1.443
20.984,-35.971,1.431
21.009,-36.993,1.431
21.106,-38.781,1.443
21.131,-39.918,1.419
21.156,-40.997,1.455
21.181,-42.016,1.455
21.206,-42.998,1.466
21.231,-43.922,1.431
21.256,-44.795,1.455
21.281,-45.622,1.478
21.306,-46.403,1.455
21.33,-47.229,1.49
21.355,-47.981,1.49
21.38,-48.67,1.49
21.405,-49.305,1.455
21.43,-49.902,1.466
21.455,-50.488,1.455
21.48,-51.072,1.501
21.505,-51.653,1.478
21.53,-52.182,1.501
21.555,-52.631,1.478
21.58,-52.93,1.478
21.605,-53.04,1.501
21.63,-52.892,1.478
21.655,-52.485,1.49
21.68,-51.865,1.478
21.705,-51.079,1.49
21.73,-50.183,1.513
21.755,-49.157,1.455
21.78,-48.183,1.49
21.805,-47.289,1.49
21.83,-46.367,1.513
21.855,-45.319,1.466
21.88,-44.038,1.513
21.905,-42.624,1.501
21.93,-41.247,1.513
21.954,-39.913,1.478
21.979,-38.586,1.478
22.004,-37.443,1.513
22.103,-36.746,1.49
22.128,-35.993,1.49
22.153,-35.642,1.478
22.178,-35.261,1.478
22.203,-35.034,1.513
22.228,-34.258,1.478
22.253,-33.562,1.525
22.278,-32.815,1.49
22.303,-32.417,1.478
22.328,-32.09,1.513
22.353,-31.694,1.513
22.378,-31.69,1.501
22.403,-31.352,1.49
22.428,-31.198,1.513
22.453,-30.589,1.49
22.478,-29.886,1.501
22.503,-29.635,1.537
22.528,-29.542,1.49
22.552,-29.77,1.501
22.577,-30.006,1.525
22.602,-29.981,1.478
22.627,-29.689,1.513
22.652,-29.291,1.513
22.677,-28.75,1.525
22.702,-28.119,1.49
22.727,-27.601,1.513
22.752,-27.316,1.49
22.777,-27.35,1.501
22.802,-27.543,1.513
22.827,-27.679,1.537
22.852,-27.618,1.513
22.877,-27.618,1.548
22.902,-27.919,1.49
22.927,-28.485,1.525
22.952,-29.193,1.537
22.977,-29.977,1.525
23.002,-30.757,1.537
23.098,-30.694,1.537
23.123,-31.312,1.501
23.148,-31.702,1.525
23.173,-31.906,1.537
23.198,-31.692,1.548
23.223,-31.091,1.537
23.248,-30.346,1.537
23.273,-29.44,1.537
23.298,-28.499,1.548
23.323,-27.734,1.548
23.348,-27.428,1.548
23.373,-27.324,1.56
23.398,-27.175,1.56
23.423,-27.271,1.525
23.448,-27.77,1.56
23.473,-28.554,1.56
23.498,-29.546,1.525
23.523,-30.465,1.537
23.548,-31.089,1.513
23.573,-31.425,1.537
23.598,-31.872,1.56
23.623,-31.835,1.537
23.648,-31.403,1.548
23.673,-30.756,1.56
23.698,-29.931,1.537
23.722,-29.146,1.56
23.747,-28.575,1.513
23.772,-28.276,1.548
23.797,-28.057,1.548
23.822,-27.801,1.548
23.847,-27.948,1.572
23.872,-28.406,1.548
23.897,-29.191,1.56
23.922,-29.928,1.572
23.947,-30.388,1.56
23.972,-30.622,1.572
23.997,-30.822,1.548
24.022,-30.629,1.548
24.118,-29.785,1.584
24.143,-28.923,1.548
24.168,-27.952,1.56
24.193,-27.199,1.548
24.218,-26.737,1.56
24.242,-26.319,1.584
24.267,-25.88,1.572
24.292,-25.935,1.584
24.317,-26.349,1.572
24.342,-27.082,1.548
24.367,-27.795,1.607
24.392,-28.307,1.572
24.417,-28.689,1.572
24.442,-28.973,1.595
24.467,-28.767,1.572
24.492,-28.292,1.572
24.517,-27.589,1.607
24.542,-26.84,1.584
24.567,-26.321,1.607
24.592,-26.016,1.595
24.617,-25.615,1.584
24.642,-25.546,1.607
24.667,-25.923,1.595
24.692,-26.645,1.619
24.717,-27.383,1.572
24.742,-27.833,1.595
24.767,-28.096,1.63
24.792,-28.133,1.595
24.817,-27.753,1.595
24.842,-27.174,1.63
24.866,-26.495,1.595
24.891,-25.927,1.63
24.916,-25.75,1.607
24.941,-25.426,1.63
24.966,-25.283,1.607
24.991,-25.546,1.595
25.016,-26.07,1.63
25.114,-25.991,1.63
25.139,-26.201,1.595
25.164,-25.93,1.63
25.189,-25.339,1.595
25.214,-24.961,1.607
25.239,-24.763,1.607
25.264,-24.486,1.607
25.289,-24.63,1.619
25.314,-25,1.607
25.339,-25.443,1.63
25.364,-25.675,1.607
25.389,-25.923,1.63
25.414,-25.948,1.595
25.438,-25.569,1.584
25.463,-24.964,1.607
25.488,-24.417,1.619
25.513,-24.102,1.595
25.538,-23.908,1.595
25.563,-24.4,1.595
25.588,-24.943,1.607
25.613,-25.35,1.619
25.638,-25.568,1.595
25.663,-25.775,1.607
25.688,-25.746,1.63
25.713,-25.391,1.607
25.738,-24.791,1.63
25.763,-24.176,1.63
25.788,-23.787,1.595
25.813,-23.26,1.619
25.838,-23.105,1.619
25.863,-23.228,1.607
25.888,-23.668,1.63
25.913,-23.89,1.595
25.938,-24.049,1.607
25.963,-24.181,1.63
25.988,-23.896,1.595
26.013,-23.332,1.607
26.109,-22.879,1.619
26.134,-22.523,1.607
26.159,-22.555,1.595
26.184,-22.994,1.63
26.209,-23.28,1.595
26.234,-23.48,1.619
26.259,-23.664,1.63
26.284,-23.423,1.595
26.309,-22.936,1.607
26.334,-22.336,1.63
26.359,-21.952,1.63
26.384,-21.603,1.619
26.409,-21.535,1.595
26.434,-21.748,1.607
26.459,-22.034,1.619
26.484,-22.321,1.595
26.509,-22.658,1.619
26.534,-22.699,1.63
26.559,-22.474,1.572
26.584,-22.006,1.607
26.608,-21.685,1.619
26.633,-21.392,1.63
26.658,-21.395,1.595
26.683,-21.718,1.607
26.708,-22.291,1.63
26.733,-22.764,1.63
26.758,-23.056,1.619
26.783,-23.34,1.63
26.808,-23.227,1.607
26.833,-22.794,1.63
26.858,-22.382,1.63
26.883,-22.128,1.607
26.908,-21.679,1.607
26.933,-21.684,1.584
26.958,-21.904,1.607
26.983,-22.343,1.572
27.008,-22.554,1.619
27.105,-21.884,1.607
27.13,-21.345,1.572
27.154,-20.764,1.63
27.179,-20.458,1.607
27.204,-19.956,1.595
27.229,-19.737,1.63
27.254,-19.852,1.607
27.279,-20.297,1.607
27.304,-20.531,1.619
27.329,-20.744,1.607
27.354,-20.698,1.619
27.379,-20.397,1.584
27.404,-19.87,1.607
27.429,-19.513,1.595
27.454,-19.251,1.607
27.479,-18.837,1.607
27.504,-18.884,1.595
27.529,-19.148,1.607
27.554,-19.546,1.63
27.579,-19.776,1.619
27.604,-20.013,1.607
27.629,-20.049,1.595
27.654,-19.8,1.607
27.679,-19.295,1.607
27.704,-19.03,1.572
27.729,-18.669,1.63
27.754,-18.383,1.63
27.778,-18.45,1.607
27.803,-18.816,1.63
27.828,-19.107,1.595
27.853,-19.342,1.63
27.878,-19.606,1.607
27.903,-19.525,1.595
27.928,-19.235,1.63
27.953,-18.753,1.63
27.978,-18.45,1.607
28.003,-18.131,1.63
28.1,-17.977,1.607
28.125,-18.05,1.595
28.15,-18.243,1.619
28.175,-18.55,1.607
28.2,-18.543,1.607
28.225,-18.272,1.584
28.25,-17.837,1.595
28.275,-17.691,1.63
28.3,-17.522,1.584
28.324,-17.379,1.607
28.349,-17.628,1.595
28.374,-18.134,1.63
28.399,-18.656,1.607
28.424,-19.052,1.619
28.449,-19.407,1.584
28.474,-19.517,1.607
28.499,-19.32,1.619
28.524,-18.944,1.642
28.549,-18.769,1.607
28.574,-18.493,1.63
28.599,-18.256,1.63
28.624,-18.396,1.63
28.649,-18.82,1.595
28.674,-19.259,1.63
28.699,-19.578,1.63
28.724,-19.89,1.607
28.749,-19.9,1.63
28.774,-19.627,1.595
28.799,-19.174,1.595
28.824,-18.874,1.63
28.849,-18.671,1.607
28.874,-18.28,1.63
28.899,-18.34,1.619
28.924,-18.711,1.607
28.948,-19.009,1.607
28.973,-19.207,1.63
28.998,-19.412,1.63
29.023,-19.349,1.63
29.12,-19.543,1.595
29.145,-19.412,1.595
29.17,-18.999,1.63
29.195,-18.915,1.619
29.22,-19.11,1.607
29.245,-19.609,1.595
29.27,-19.881,1.607
29.295,-20.068,1.584
29.32,-20.35,1.595
29.345,-20.216,1.607
29.37,-19.769,1.595
29.395,-19.293,1.619
29.42,-19.043,1.63
29.445,-18.611,1.595
29.47,-18.335,1.63
29.494,-18.358,1.607
29.519,-18.712,1.63
29.544,-18.953,1.607
29.569,-19.169,1.619
29.594,-19.421,1.607
29.619,-19.415,1.607
29.644,-19.154,1.584
29.669,-18.665,1.595
29.694,-18.284,1.63
29.719,-18.028,1.595
29.744,-17.657,1.63
29.769,-17.696,1.595
29.794,-18.05,1.63
29.819,-18.34,1.607
29.844,-18.638,1.63
29.869,-19.005,1.63
29.894,-19.096,1.63
29.919,-18.923,1.619
29.944,-18.528,1.607
29.969,-18.285,1.595
29.994,-18.147,1.619
30.019,-17.932,1.595
30.115,-17.791,1.63
30.14,-18.044,1.595
30.165,-18.393,1.572
30.19,-18.812,1.607
30.215,-18.846,1.63
30.24,-18.592,1.595
30.265,-18.219,1.607
30.29,-18.059,1.595
30.315,-17.917,1.619
30.34,-17.787,1.63
30.365,-18.081,1.63
30.39,-18.591,1.607
30.415,-19.146,1.619
30.44,-19.608,1.595
30.465,-20.045,1.63
30.49,-20.279,1.595
30.515,-20.186,1.63
30.54,-19.82,1.607
30.565,-19.477,1.607
30.59,-19.386,1.619
30.615,-19.213,1.595
30.64,-19.556,1.63
30.664,-20.161,1.607
30.689,-20.7,1.572
30.714,-21.074,1.619
30.739,-21.414,1.607
30.764,-21.506,1.607
30.789,-21.314,1.63
30.814,-20.858,1.595
30.839,-20.493,1.619
30.864,-20.258,1.595
30.889,-19.881,1.63
30.914,-20.043,1.607
30.939,-20.378,1.619
30.964,-20.92,1.595
30.989,-21.303,1.63
31.014,-21.602,1.595
31.11,-21.298,1.607
31.135,-20.794,1.607
31.16,-20.304,1.63
31.184,-20.032,1.63
31.209,-19.54,1.607
31.234,-19.365,1.63
31.259,-19.519,1.572
31.284,-20.007,1.595
31.309,-20.313,1.607
31.334,-20.646,1.63
31.359,-21.031,1.584
31.384,-21.044,1.607
31.409,-20.776,1.619
31.434,-20.299,1.607
31.459,-20.056,1.63
31.484,-19.648,1.607
31.509,-19.492,1.63
31.534,-19.679,1.607
31.559,-20.154,1.595
31.584,-20.463,1.607
31.609,-20.72,1.63
31.634,-21.013,1.607
31.659,-20.889,1.607
31.684,-20.514,1.63
31.709,-20.024,1.63
31.734,-19.755,1.595
31.759,-19.418,1.63
31.784,-19.207,1.595
31.808,-19.363,1.607
31.833,-19.783,1.619
31.858,-19.978,1.607
31.883,-20.207,1.63
31.908,-20.337,1.595
31.933,-20.121,1.607
31.958,-19.68,1.595
31.983,-19.25,1.595
32.008,-19.05,1.619
32.106,-19.232,1.595
32.131,-19.683,1.63
32.156,-20.001,1.607
32.181,-20.24,1.607
32.206,-20.478,1.595
32.231,-20.319,1.595
32.256,-19.911,1.607
32.281,-19.544,1.63
32.306,-19.328,1.607
32.331,-18.846,1.607
32.356,-18.761,1.619
32.38,-18.915,1.607
32.405,-19.317,1.63
32.43,-19.594,1.595
32.455,-19.853,1.63
32.48,-20.225,1.619
32.505,-20.156,1.607
32.53,-19.788,1.607
32.555,-19.342,1.572
32.58,-19.072,1.584
32.605,-18.614,1.63
32.63,-18.436,1.619
32.655,-18.556,1.607
32.68,-18.861,1.63
32.705,-19.024,1.619
32.73,-19.353,1.595
32.755,-19.522,1.619
32.78,-19.345,1.607
32.805,-18.944,1.619
32.83,-18.536,1.619
32.855,-18.317,1.607
32.88,-17.903,1.595
32.905,-17.83,1.619
32.93,-18.152,1.595
32.955,-18.699,1.63
32.98,-19.069,1.607
33.004,-19.376,1.607
33.1,-19.101,1.619
33.125,-18.701,1.63
33.15,-18.532,1.572
33.175,-18.353,1.607
33.2,-18.044,1.607
33.225,-18.203,1.595
33.25,-18.623,1.63
33.275,-19.159,1.595
33.3,-19.563,1.63
33.325,-19.914,1.595
33.35,-20.055,1.607
33.375,-19.825,1.63
33.4,-19.355,1.607
33.425,-19.167,1.63
33.45,-18.953,1.63
33.475,-18.669,1.595
33.5,-18.786,1.63
33.524,-19.189,1.607
33.549,-19.614,1.63
33.574,-19.876,1.595
33.599,-20.147,1.607
33.624,-20.191,1.595
33.649,-19.928,1.595
33.674,-19.439,1.595
33.699,-19.154,1.63
33.724,-18.779,1.607
33.749,-18.461,1.63
33.774,-18.545,1.595
33.799,-18.93,1.595
33.824,-19.285,1.607
33.849,-19.547,1.63
33.874,-19.852,1.63
33.899,-20.005,1.607
33.924,-19.854,1.63
33.949,-19.452,1.595
33.974,-19.189,1.619
33.999,-18.901,1.572
34.024,-18.674,1.607
34.12,-18.444,1.595
34.145,-18.627,1.607
34.17,-18.904,1.572
34.195,-19.206,1.607
34.22,-19.151,1.607
34.245,-18.846,1.595
34.27,-18.63,1.619
34.295,-18.517,1.619
34.32,-18.24,1.595
34.345,-18.427,1.595
34.37,-18.864,1.607
34.395,-19.486,1.63
34.42,-19.919,1.607
34.445,-20.295,1.63
34.47,-20.566,1.607
34.495,-20.45,1.63
34.52,-20.078,1.607
34.545,-19.94,1.595
34.57,-19.898,1.619
34.595,-19.958,1.595
34.62,-20.338,1.63
34.645,-20.951,1.63
34.67,-21.588,1.607
34.694,-22.034,1.619
34.719,-22.34,1.63
34.744,-22.417,1.607
34.769,-22.099,1.63
34.794,-21.642,1.607
34.819,-21.427,1.63
34.844,-21.052,1.619
34.869,-20.679,1.607
34.894,-20.62,1.595
34.919,-20.859,1.63
34.944,-21.049,1.595
34.969,-21.112,1.607
34.994,-21.249,1.607
35.019,-21.083,1.607
35.116,-21.73,1.595
35.141,-21.482,1.584
35.166,-20.977,1.607
35.191,-20.92,1.619
35.216,-21.094,1.595
35.24,-21.462,1.63
35.265,-21.566,1.595
35.29,-21.649,1.607
35.315,-21.646,1.63
35.34,-21.266,1.595
35.365,-20.636,1.63
35.39,-20.069,1.595
35.415,-19.64,1.595
35.44,-19.029,1.619
35.465,-18.787,1.607
35.49,-18.805,1.63
35.515,-19.145,1.595
35.54,-19.333,1.63
35.565,-19.495,1.595
35.59,-19.715,1.63
35.615,-19.665,1.584
35.64,-19.33,1.607
35.665,-18.831,1.619
35.69,-18.501,1.595
35.715,-18.178,1.63
35.74,-17.812,1.595
35.765,-17.844,1.63
35.79,-18.173,1.607
35.815,-18.692,1.607
35.84,-19.052,1.607
35.864,-19.355,1.607
35.889,-19.432,1.63
35.914,-19.242,1.595
35.939,-18.844,1.607
35.964,-18.484,1.619
35.989,-18.341,1.595
36.014,-17.986,1.63
36.111,-17.854,1.63
36.136,-18.157,1.595
36.161,-18.411,1.63
36.186,-18.681,1.607
36.211,-18.564,1.63
36.236,-18.212,1.595
36.261,-17.747,1.595
36.286,-17.486,1.63
36.311,-17.261,1.607
36.336,-17.123,1.595
36.361,-17.448,1.63
36.386,-17.93,1.595
36.41,-18.681,1.607
36.435,-19.182,1.607
36.46,-19.488,1.63
36.485,-19.668,1.63
36.51,-19.43,1.63
36.535,-18.982,1.595
36.56,-18.467,1.607
36.585,-18.164,1.63
36.61,-17.772,1.619
36.635,-17.392,1.607
36.66,-17.464,1.63
36.685,-17.765,1.63
36.71,-18.186,1.584
36.735,-18.458,1.619
36.76,-18.743,1.607
36.785,-18.723,1.63
36.81,-18.413,1.584
36.835,-17.92,1.595
36.86,-17.491,1.63
36.885,-17.202,1.63
36.91,-16.723,1.63
36.935,-16.54,1.607
36.96,-16.647,1.63
36.985,-17.082,1.619
37.01,-17.415,1.607
37.105,-17.424,1.63
37.13,-17.308,1.595
37.155,-16.926,1.63
37.18,-16.468,1.595
37.205,-16.251,1.607
37.23,-15.899,1.63
37.255,-15.681,1.595
37.28,-15.878,1.63
37.305,-16.409,1.619
37.33,-16.913,1.595
37.355,-17.327,1.607
37.38,-17.746,1.619
37.405,-17.734,1.595
37.43,-17.501,1.63
37.455,-17.11,1.607
37.48,-16.886,1.607
37.505,-16.666,1.63
37.53,-16.432,1.595
37.554,-16.609,1.619
37.579,-17.096,1.619
37.604,-17.642,1.619
37.629,-18.016,1.595
37.654,-18.366,1.619
37.679,-18.368,1.63
37.704,-18.137,1.595
37.729,-17.775,1.607
37.754,-17.651,1.63
37.779,-17.397,1.595
37.804,-17.202,1.63
37.829,-17.403,1.595
37.854,-17.965,1.63
37.879,-18.47,1.607
37.904,-18.799,1.607
37.929,-19.132,1.595
37.954,-19.054,1.595
37.979,-18.754,1.63
38.004,-18.324,1.595
38.102,-18.158,1.607
38.126,-18.13,1.63
38.151,-18.525,1.619
38.176,-19.249,1.607
38.201,-19.686,1.619
38.226,-20.002,1.607
38.251,-20.317,1.63
38.276,-20.19,1.619
38.301,-19.773,1.595
38.326,-19.394,1.595
38.351,-19.252,1.607
38.376,-18.87,1.63
38.401,-18.718,1.595
38.426,-18.9,1.607
38.451,-19.4,1.595
38.476,-19.837,1.607
38.501,-20.123,1.63
38.526,-20.44,1.619
38.551,-20.328,1.63
38.576,-19.975,1.63
38.601,-19.534,1.619
38.626,-19.307,1.63
38.651,-18.968,1.595
38.676,-18.688,1.595
38.701,-18.786,1.607
38.726,-19.165,1.63
38.75,-19.592,1.619
38.775,-19.79,1.63
38.8,-20.049,1.63
38.825,-19.975,1.595
38.85,-19.67,1.607
38.875,-19.179,1.63
38.9,-18.865,1.595
38.925,-18.581,1.63
38.95,-18.189,1.607
38.975,-18.228,1.607
39,-18.52,1.619
39.097,-18.298,1.63
39.122,-18.654,1.63
39.147,-18.627,1.595
39.172,-18.318,1.595
39.197,-17.899,1.607
39.222,-17.748,1.63
39.247,-17.428,1.63
39.272,-17.24,1.63
39.296,-17.419,1.607
39.321,-17.948,1.63
39.346,-18.39,1.595
39.371,-18.747,1.63
39.396,-19.14,1.607
39.421,-19.097,1.607
39.446,-18.78,1.63
39.471,-18.446,1.607
39.496,-18.321,1.607
39.521,-17.968,1.63
39.546,-17.919,1.63
39.571,-18.107,1.63
39.596,-18.686,1.619
39.621,-19.146,1.63
39.646,-19.515,1.607
39.671,-19.845,1.619
39.696,-19.726,1.584
39.721,-19.351,1.595
39.746,-19.143,1.63
39.771,-18.922,1.595
39.796,-18.537,1.607
39.821,-18.607,1.584
39.846,-18.882,1.63
39.871,-19.405,1.595
39.896,-19.668,1.63
39.92,-19.859,1.584
39.945,-20.024,1.63
39.97,-19.797,1.607
39.995,-19.318,1.595
40.02,-18.845,1.63
40.118,-18.855,1.607
40.143,-18.787,1.595
40.168,-19.102,1.63
40.193,-19.356,1.595
40.218,-19.513,1.63
40.243,-19.741,1.63
40.268,-19.732,1.595
40.293,-19.461,1.63
40.318,-18.978,1.595
40.343,-18.66,1.607
40.368,-18.306,1.584
40.393,-17.882,1.607
40.418,-17.906,1.63
40.443,-18.231,1.619
40.468,-18.737,1.63
40.492,-19.007,1.63
40.517,-19.292,1.63
40.542,-19.525,1.595
40.567,-19.417,1.595
40.592,-19.049,1.595
40.617,-18.748,1.63
40.642,-18.527,1.63
40.667,-18.154,1.607
40.692,-18.203,1.619
40.717,-18.544,1.607
40.742,-19.096,1.63
40.767,-19.516,1.619
40.792,-19.869,1.595
40.817,-20.193,1.63
40.842,-20.128,1.63
40.867,-19.801,1.607
40.892,-19.587,1.63
40.917,-19.479,1.607
40.942,-19.22,1.619
40.967,-19.415,1.595
40.992,-19.85,1.63
41.017,-20.438,1.607
41.113,-20.787,1.63
41.138,-20.796,1.607
41.163,-20.444,1.63
41.188,-20.168,1.595
41.213,-20.083,1.607
41.238,-19.725,1.595
41.263,-19.86,1.607
41.288,-20.228,1.63
41.313,-20.76,1.63
41.338,-21.009,1.595
41.363,-21.26,1.595
41.388,-21.33,1.619
41.413,-21.085,1.63
41.438,-20.573,1.595
41.463,-20.086,1.595
41.488,-19.564,1.63
41.513,-19.164,1.607
41.538,-19.147,1.595
41.563,-19.392,1.595
41.588,-19.711,1.572
41.613,-19.857,1.595
41.638,-20.024,1.63
41.662,-20.101,1.619
41.687,-19.846,1.607
41.712,-19.396,1.595
41.737,-18.845,1.63
41.762,-18.481,1.607
41.787,-17.954,1.63
41.812,-17.809,1.619
41.837,-17.959,1.63
41.862,-18.416,1.619
41.887,-18.706,1.63
41.912,-18.976,1.607
41.937,-19.234,1.63
41.962,-19.146,1.595
41.987,-18.846,1.607
42.012,-18.387,1.619
42.109,-18.389,1.63
42.134,-18.455,1.654
42.159,-18.915,1.63
42.184,-19.282,1.642
42.208,-19.549,1.63
42.233,-19.848,1.642
42.258,-19.751,1.63
42.283,-19.442,1.619
42.308,-18.993,1.619
42.333,-18.82,1.619
42.358,-18.461,1.619
42.383,-18.55,1.642
42.408,-18.892,1.63
42.433,-19.388,1.654
42.458,-19.629,1.63
42.483,-19.867,1.63
42.508,-19.88,1.607
42.533,-19.587,1.654
42.558,-19.088,1.619
42.583,-18.797,1.63
42.608,-18.497,1.619
42.633,-18.083,1.666
42.658,-17.98,1.654
42.683,-18.224,1.642
42.708,-18.352,1.619
42.733,-18.44,1.654
42.758,-18.582,1.654
42.783,-18.366,1.642
42.808,-17.947,1.666
42.832,-17.508,1.642
42.857,-17.256,1.677
42.882,-16.795,1.642
42.907,-16.639,1.677
42.932,-16.725,1.642
42.957,-17.11,1.677
42.982,-17.333,1.689
43.007,-17.661,1.677
43.104,-18.084,1.677
43.129,-18.323,1.666
43.154,-18.169,1.666
43.179,-18.352,1.677
43.204,-18.768,1.689
43.229,-19.054,1.677
43.254,-19.282,1.666
43.279,-19.489,1.701
43.304,-19.26,1.666
43.329,-18.776,1.666
43.354,-18.483,1.701
43.379,-17.926,1.654
43.403,-17.612,1.701
43.428,-17.62,1.666
43.453,-17.617,1.666
43.478,-17.651,1.666
43.503,-17.638,1.666
43.528,-17.28,1.689
43.553,-16.74,1.666
43.578,-16.401,1.677
43.603,-15.804,1.689
43.628,-15.369,1.701
43.653,-15.1,1.689
43.678,-15.062,1.689
43.703,-15.003,1.689
43.728,-15.086,1.701
43.753,-14.849,1.677
43.778,-14.405,1.666
43.803,-14.132,1.677
43.828,-13.551,1.677
43.853,-13.184,1.701
43.878,-12.997,1.654
43.903,-12.948,1.689
43.928,-12.993,1.666
43.953,-13.085,1.689
43.978,-12.875,1.689
44.003,-12.464,1.666
44.1,-12.601,1.666
44.125,-12.7,1.689
44.15,-12.789,1.677
44.175,-12.972,1.689
44.2,-13.222,1.677
44.225,-13.116,1.701
44.25,-12.748,1.666
44.275,-12.562,1.689
44.3,-12.105,1.677
44.325,-11.968,1.701
44.35,-12.065,1.666
44.375,-12.117,1.689
44.4,-12.325,1.666
44.425,-12.413,1.701
44.45,-12.262,1.666
44.475,-11.957,1.689
44.5,-11.925,1.666
44.525,-11.707,1.701
44.55,-11.692,1.666
44.574,-11.863,1.689
44.599,-11.958,1.689
44.624,-12.216,1.677
44.649,-12.174,1.689
44.674,-11.925,1.701
44.699,-11.665,1.689
44.724,-11.392,1.654
44.749,-11.108,1.701
44.774,-11.454,1.701
44.799,-11.931,1.689
44.824,-12.27,1.689
44.849,-12.661,1.666
44.874,-12.694,1.677
44.899,-12.491,1.701
44.924,-12.462,1.666
44.949,-12.093,1.689
44.974,-12.217,1.666
44.999,-12.647,1.701
45.024,-12.901,1.666
45.12,-12.543,1.677
45.145,-12.219,1.666
45.17,-11.93,1.677
45.195,-11.476,1.666
45.22,-11.651,1.677
45.245,-12.184,1.689
45.27,-12.474,1.689
45.295,-12.893,1.689
45.32,-13.009,1.666
45.345,-12.839,1.701
45.37,-12.615,1.666
45.395,-12.431,1.689
45.42,-12.508,1.677
45.445,-12.69,1.666
45.47,-12.873,1.666
45.495,-13.088,1.666
45.52,-13.29,1.689
45.545,-13.18,1.666
45.57,-12.858,1.666
45.595,-12.725,1.654
45.62,-12.311,1.677
45.645,-12.012,1.689
45.67,-11.908,1.689
45.695,-11.813,1.701
45.72,-11.958,1.666
45.744,-12.016,1.701
45.769,-11.888,1.689
45.794,-11.647,1.701
45.819,-11.571,1.666
45.844,-11.35,1.666
45.869,-11.314,1.666
45.894,-11.428,1.701
45.919,-11.521,1.666
45.944,-11.771,1.666
45.969,-11.825,1.642
45.994,-11.668,1.666
46.019,-11.358,1.654
46.116,-11.36,1.666
46.141,-11.281,1.654
46.166,-11.444,1.677
46.191,-11.586,1.654
46.216,-11.87,1.677
46.241,-12.074,1.701
46.266,-12.026,1.701
46.29,-11.821,1.713
46.315,-11.714,1.689
46.34,-11.412,1.724
46.365,-11.339,1.677
46.39,-11.533,1.713
46.415,-11.771,1.677
46.44,-12.099,1.724
46.465,-12.353,1.701
46.49,-12.326,1.724
46.515,-12.091,1.713
46.54,-12.042,1.724
46.565,-11.774,1.701
46.59,-11.807,1.724
46.615,-12.089,1.701
46.64,-12.342,1.701
46.665,-12.679,1.736
46.69,-12.69,1.713
46.715,-12.474,1.736
46.74,-12.344,1.713
46.765,-12.017,1.736
46.79,-11.8,1.748
46.815,-11.941,1.736
46.84,-12.117,1.724
46.865,-12.315,1.713
46.89,-12.182,1.724
46.914,-11.875,1.748
46.939,-11.71,1.724
46.964,-11.183,1.713
46.989,-10.814,1.724
47.014,-10.692,1.701
47.112,-9.996,1.748
47.136,-9.518,1.713
47.16,-9.054,1.713
47.184,-8.646,1.713
47.208,-7.965,1.689
47.232,-7.279,1.748
47.256,-6.772,1.701
47.28,-6.578,1.76
47.303,-6.466,1.713
47.327,-6.462,1.748
47.351,-6.601,1.724
47.375,-6.617,1.748
47.399,-6.431,1.748
47.423,-6.103,1.724
47.447,-5.781,1.748
47.471,-5.527,1.748
47.495,-5.059,1.724
47.519,-4.663,1.736
47.543,-4.322,1.724
47.567,-4.131,1.748
47.59,-4.004,1.748
47.614,-4.037,1.736
47.638,-3.988,1.748
47.662,-3.759,1.736
47.686,-3.418,1.736
47.71,-3.101,1.724
47.734,-2.492,1.677
47.758,-2.064,1.677
47.782,-1.645,1.654
47.806,-1.368,1.642
47.83,-1.118,1.642
47.854,-1.05,1.595
47.878,-0.901,1.572
47.901,-0.622,1.56
47.925,-0.271,1.501
47.949,0.127,1.501
47.972,0.553,1.455
47.995,0.972,1.466
48.018,1.433,1.419
48.114,2.189,1.384
48.136,2.941,1.372
48.159,3.698,1.396
48.182,4.519,1.396
48.205,5.313,1.419
48.228,6.133,1.419
48.251,6.898,1.384
48.274,7.543,1.396
48.297,8.062,1.384
48.32,8.491,1.455
48.342,8.944,1.455
48.365,9.463,1.478
48.388,9.977,1.525
48.411,10.289,1.548
48.435,10.33,1.572
48.459,10.187,1.619
48.483,9.87,1.595
48.506,9.296,1.619
48.529,8.676,1.63
48.551,7.919,1.619
48.574,7.025,1.619
48.597,5.827,1.63
48.62,4.709,1.63
48.643,3.648,1.619
48.666,2.64,1.619
48.687,1.68,1.63
48.71,0.773,1.619
48.734,-0.09,1.607
48.758,-0.913,1.619
48.782,-1.698,1.607
48.806,-2.447,1.607
48.83,-3.161,1.607
48.854,-3.841,1.619
48.878,-4.488,1.63
48.902,-5.105,1.607
48.926,-5.691,1.607
48.95,-6.25,1.63
48.974,-6.781,1.607
48.998,-7.285,1.619
49.021,-7.765,1.595
49.112,-8.38,1.595
49.136,-8.862,1.619
49.16,-9.31,1.607
49.184,-9.727,1.63
49.208,-10.116,1.619
49.233,-10.482,1.595
49.258,-10.826,1.607
49.282,-11.149,1.584
49.307,-11.452,1.595
49.332,-11.736,1.595
49.357,-12.004,1.63
49.382,-12.256,1.619
49.407,-12.492,1.607
49.432,-12.715,1.619
49.457,-12.925,1.595
49.482,-13.123,1.619
49.507,-13.311,1.607
49.532,-13.487,1.63
49.557,-13.654,1.595
49.582,-13.811,1.607
49.607,-13.958,1.595
49.632,-14.097,1.619
49.657,-14.226,1.595
49.682,-14.348,1.619
49.707,-14.461,1.607
49.732,-14.567,1.619
49.757,-14.666,1.595
49.782,-14.758,1.607
49.807,-14.843,1.619
49.832,-14.922,1.595
49.857,-14.995,1.619
49.882,-15.063,1.607
49.906,-15.125,1.619
49.931,-15.182,1.595
49.956,-15.234,1.619
49.981,-15.281,1.595
50.006,-15.324,1.63
50.098,-15.583,1.619
50.123,-15.59,1.607
50.148,-15.596,1.619
50.173,-15.602,1.607
50.198,-15.607,1.619
50.223,-15.611,1.607
50.248,-15.613,1.63
50.273,-15.615,1.607
50.298,-15.616,1.607
50.322,-15.616,1.572
50.347,-15.614,1.619
50.372,-15.612,1.607
50.397,-15.609,1.63
50.422,-15.604,1.584
50.447,-15.599,1.607
50.472,-15.593,1.595
50.497,-15.586,1.619
50.522,-15.578,1.607
50.547,-15.57,1.607
50.572,-15.56,1.619
50.597,-15.55,1.595
50.622,-15.54,1.595
50.647,-15.528,1.619
50.672,-15.516,1.63
50.697,-15.504,1.607
50.722,-15.491,1.619
50.747,-15.478,1.607
50.772,-15.464,1.63
50.797,-15.45,1.619
50.822,-15.435,1.63
50.847,-15.42,1.595
50.872,-15.405,1.619
50.897,-15.39,1.584
50.922,-15.374,1.595
50.946,-15.358,1.584
50.971,-15.343,1.619
50.996,-15.327,1.595
51.021,-15.311,1.607
51.113,-15.402,1.595
51.138,-15.361,1.595
51.163,-15.325,1.607
51.188,-15.293,1.584
51.213,-15.263,1.619
51.238,-15.237,1.607
51.263,-15.213,1.619
51.288,-15.19,1.619
51.313,-15.169,1.607
51.338,-15.149,1.63
51.362,-15.132,1.607
51.387,-15.117,1.63
51.412,-15.103,1.595
51.437,-15.092,1.595
51.462,-15.081,1.595
51.487,-15.071,1.63
51.512,-15.062,1.595
51.537,-15.053,1.607
51.562,-15.045,1.619
51.587,-15.038,1.607
51.612,-15.03,1.572
51.637,-15.023,1.619
51.662,-15.017,1.63
51.687,-15.01,1.595
51.712,-15.004,1.63
51.737,-14.998,1.595
51.762,-14.992,1.619
51.787,-14.986,1.607
51.812,-14.98,1.607
51.837,-14.975,1.595
51.862,-14.97,1.619
51.887,-14.964,1.584
51.912,-14.959,1.607
51.937,-14.954,1.572
51.962,-14.949,1.607
51.986,-14.944,1.607
52.011,-14.939,1.607
52.103,-14.985,1.619
52.128,-14.968,1.619
52.153,-14.954,1.619
52.178,-14.942,1.607
52.203,-14.932,1.619
52.228,-14.922,1.607
52.253,-14.914,1.63
52.278,-14.909,1.595
52.303,-14.899,1.619
52.328,-14.901,1.595
52.353,-14.906,1.619
52.378,-14.895,1.595
52.402,-14.871,1.63
52.427,-15.001,1.607
52.452,-15.104,1.619
52.477,-22.85,1.607
52.502,-28.987,1.63
52.527,-34.083,1.619
52.552,-38.454,1.63
52.577,-42.295,1.595
52.602,-45.731,1.619
52.627,-48.847,1.595
52.652,-51.704,1.63
52.677,-54.345,1.595
52.702,-56.804,1.63
52.727,-59.104,1.607
52.752,-61.267,1.642
52.777,-63.308,1.642
52.802,-65.239,1.619
52.827,-67.071,1.642
52.852,-68.863,1.654
52.877,-70.608,1.654
52.902,-72.301,1.654
52.927,-73.939,1.654
52.952,-75.518,1.654
52.977,-77.036,1.677
53.002,-78.492,1.666
53.093,-81.95,1.654
53.118,-83.228,1.654
53.143,-84.424,1.654
53.168,-85.546,1.642
53.193,-86.596,1.677
53.218,-87.581,1.666
53.243,-88.502,1.654
53.268,-89.366,1.654
53.293,-90.173,1.666
53.318,-90.926,1.677
53.343,-91.627,1.654
53.368,-92.28,1.677
53.393,-92.896,1.654
53.418,-93.471,1.654
53.442,-94.007,1.642
53.467,-94.505,1.677
53.492,-94.968,1.689
53.517,-95.397,1.654
53.542,-95.794,1.689
53.567,-96.162,1.677
53.592,-96.501,1.666
53.617,-96.813,1.666
53.642,-97.1,1.689
53.667,-97.362,1.677
53.692,-97.602,1.677
53.717,-97.82,1.654
53.742,-98.018,1.689
53.767,-98.197,1.666
53.792,-98.357,1.666
53.817,-98.501,1.677
53.842,-98.628,1.689
53.867,-98.74,1.666
53.892,-98.838,1.689
53.917,-98.922,1.666
53.942,-98.993,1.689
53.967,-99.052,1.677
53.992,-99.1,1.689
54.017,-99.137,1.666
54.108,-100.657,1.666
54.134,-100.497,1.689
54.16,-100.347,1.666
54.186,-100.205,1.666
54.212,-100.071,1.677
54.238,-99.943,1.677
54.263,-99.799,1.654
54.288,-99.663,1.666
54.313,-99.533,1.689
54.338,-99.408,1.677
54.363,-99.287,1.689
54.388,-99.171,1.666
54.413,-99.057,1.689
54.438,-98.946,1.677
54.463,-98.837,1.642
54.488,-98.73,1.677
54.513,-98.624,1.689
54.538,-98.52,1.654
54.563,-98.417,1.689
54.588,-98.314,1.666
54.612,-98.213,1.677
54.637,-98.111,1.677
54.662,-98.011,1.677
54.687,-97.911,1.689
54.712,-97.811,1.677
54.737,-97.712,1.654
54.762,-97.613,1.677
54.787,-97.514,1.677
54.812,-97.416,1.666
54.837,-97.318,1.666
54.862,-97.221,1.689
54.887,-97.123,1.689
54.912,-97.026,1.677
54.937,-96.93,1.654
54.962,-96.834,1.677
54.987,-96.738,1.654
55.012,-96.643,1.677
55.103,-97.335,1.677
55.128,-97.119,1.666
55.153,-96.919,1.689
55.178,-96.733,1.666
55.203,-96.56,1.689
55.228,-96.398,1.654
55.253,-96.245,1.689
55.278,-96.1,1.666
55.303,-95.963,1.666
55.328,-95.833,1.666
55.353,-95.709,1.689
55.378,-95.59,1.677
55.403,-95.475,1.689
55.428,-95.366,1.666
55.453,-95.26,1.677
55.478,-95.158,1.666
55.503,-95.059,1.689
55.528,-94.963,1.654
55.553,-94.87,1.677
55.578,-94.779,1.689
55.603,-94.691,1.677
55.628,-94.605,1.689
55.652,-94.521,1.689
55.677,-94.439,1.666
55.702,-94.359,1.689
55.727,-94.28,1.666
55.752,-94.203,1.666
55.777,-94.128,1.666
55.802,-94.054,1.689
55.827,-93.982,1.677
55.852,-93.911,1.689
55.877,-93.841,1.654
55.902,-93.773,1.666
55.927,-93.706,1.666
55.952,-93.64,1.677
55.977,-93.575,1.677
56.002,-93.511,1.689
56.093,-93.832,1.677
56.118,-93.708,1.689
56.143,-93.594,1.677
56.168,-93.488,1.677
56.193,-93.389,1.677
56.218,-93.296,1.689
56.243,-93.209,1.677
56.268,-93.127,1.642
56.293,-93.049,1.654
56.318,-92.975,1.642
56.343,-92.905,1.666
56.368,-92.837,1.689
56.393,-92.773,1.677
56.418,-92.711,1.689
56.443,-92.652,1.666
56.468,-92.595,1.666
56.493,-92.54,1.677
56.518,-92.487,1.666
56.543,-92.435,1.677
56.568,-92.386,1.666
56.593,-92.337,1.677
56.618,-92.29,1.677
56.643,-92.244,1.689
56.668,-92.2,1.677
56.692,-92.157,1.689
56.717,-92.114,1.677
56.742,-92.073,1.689
56.767,-92.033,1.666
56.792,-91.994,1.654
56.817,-91.955,1.666
56.842,-91.918,1.666
56.867,-91.881,1.689
56.892,-91.845,1.677
56.917,-91.808,1.654
56.942,-91.772,1.666
56.967,-91.735,1.689
56.992,-91.698,1.677
57.017,-91.662,1.677
57.108,-91.801,1.63
57.133,-91.734,1.619
57.158,-91.671,1.63
57.183,-91.613,1.619
57.208,-91.557,1.607
57.233,-91.505,1.56
57.258,-91.456,1.548
57.283,-91.409,1.525
57.308,-91.365,1.537
57.333,-91.322,1.513
57.358,-91.282,1.466
57.383,-91.243,1.49
57.408,-91.206,1.455
57.433,-91.17,1.443
57.458,-91.135,1.431
57.483,-91.102,1.443
57.508,-91.07,1.408
57.533,-91.039,1.431
57.558,-91.009,1.408
57.583,-90.98,1.419
57.608,-90.952,1.396
57.633,-90.924,1.419
57.658,-90.898,1.384
57.683,-90.872,1.408
57.708,-90.847,1.384
57.732,-90.822,1.384
57.757,-90.799,1.396
57.782,-90.776,1.384
57.807,-90.753,1.384
57.832,-90.731,1.372
57.857,-90.71,1.396
57.882,-90.689,1.384
57.907,-90.669,1.396
57.932,-90.649,1.372
57.957,-90.63,1.384
57.982,-90.611,1.384
58.007,-90.593,1.396
58.099,-90.649,1.361
58.124,-90.616,1.361
58.148,-90.586,1.384
58.173,-90.558,1.361
58.198,-90.533,1.384
58.223,-90.51,1.361
58.248,-90.489,1.372
58.273,-90.469,1.349
58.298,-90.451,1.326
58.323,-90.433,1.349
58.348,-90.416,1.349
58.373,-90.401,1.337
58.398,-90.386,1.302
58.423,-90.372,1.326
58.448,-90.358,1.29
58.473,-90.345,1.279
58.498,-90.333,1.255
58.523,-90.321,1.255
58.548,-90.309,1.255
58.573,-90.298,1.243
58.598,-90.287,1.196
58.623,-90.276,1.185
58.648,-90.266,1.15
58.673,-90.256,1.15
58.698,-90.247,1.138
58.723,-90.237,1.103
58.748,-90.228,1.079
58.772,-90.219,1.044
58.797,-90.212,1.009
58.822,-90.205,0.997
58.847,-90.198,0.974
58.872,-90.193,0.95
58.897,-90.187,0.95
58.922,-90.182,0.903
58.947,-90.178,0.88
58.972,-90.174,0.868
58.997,-90.17,0.809
59.022,-90.166,0.798
59.114,-90.192,0.704
59.139,-90.181,0.669
59.164,-90.172,0.633
59.188,-90.164,0.61
59.213,-90.158,0.598
59.238,-90.152,0.54
59.263,-90.147,0.504
59.288,-90.142,0.457
59.313,-90.138,0.446
59.338,-90.134,0.364
59.363,-90.13,0.34
59.388,-90.127,0.293
59.413,-90.124,0.246
59.438,-90.121,0.199
59.463,-90.119,0.141
59.488,-90.116,0.106
59.513,-90.114,0.047
59.538,-90.111,0.012
59.563,-90.109,0
59.588,-90.107,0.012
59.613,-90.105,0
59.638,-90.103,0
59.663,-90.101,0
59.688,-90.099,0
59.713,-90.097,0
59.738,-90.095,0
59.763,-90.093,0
59.788,-90.092,0
59.812,-90.09,0
59.837,-90.088,0
59.862,-90.087,0
59.887,-90.085,0
59.912,-90.083,0
59.937,-90.082,0
59.962,-90.08,0
59.987,-90.079,0
60.012,-90.078,0
60.104,-90.091,0
60.129,-90.086,0
60.154,-90.082,0
60.179,-90.078,0
60.204,-90.075,0
60.228,-90.072,0
60.253,-90.07,0
60.278,-90.068,0
60.303,-90.066,0
60.328,-90.064,0
60.353,-90.063,0
60.378,-90.061,0
60.403,-90.06,0
60.428,-90.059,0
60.453,-90.057,0
60.478,-90.056,0
60.503,-90.055,0
60.528,-90.054,0
60.553,-90.053,0
60.578,-90.052,0
60.603,-90.051,0
60.628,-90.05,0
60.653,-90.049,0
60.678,-90.048,0
60.703,-90.047,0
60.728,-90.046,0
60.753,-90.045,0
60.778,-90.045,0
60.803,-90.044,0
60.828,-90.043,0
60.852,-90.042,0
60.877,-90.041,0
60.902,-90.041,0
60.927,-90.04,0
60.952,-90.039,0
60.977,-90.038,0
61.002,-90.038,0
61.094,-90.044,0
61.119,-90.042,0
61.144,-90.04,0
61.169,-90.038,0
61.194,-90.037,0
61.219,-90.035,0
61.244,-90.034,0
61.268,-90.033,0
61.293,-90.032,0
61.318,-90.031,0
61.343,-90.031,0
61.368,-90.03,0
61.393,-90.029,0
61.418,-90.029,0
61.443,-90.028,0
61.468,-90.027,0
61.493,-90.027,0
61.518,-90.026,0
61.543,-90.026,0
61.568,-90.025,0
61.593,-90.025,0
61.618,-90.024,0
61.643,-90.024,0
61.668,-90.023,0
61.693,-90.023,0
61.718,-90.023,0
61.743,-90.022,0
61.768,-90.022,0
61.793,-90.021,0
61.818,-90.021,0
61.843,-90.021,0
61.868,-90.02,0
61.892,-90.02,0
61.917,-90.019,0
61.942,-90.019,0
61.967,-90.019,0
61.992,-90.018,0
62.017,-90.018,0
62.109,-90.021,0
62.134,-90.02,0
62.159,-90.019,0
62.184,-90.018,0
62.209,-90.018,0
62.234,-90.017,0
62.259,-90.016,0
62.284,-90.016,0
62.308,-90.015,0
62.333,-90.015,0
62.358,-90.015,0
62.383,-90.014,0
62.408,-90.014,0
62.433,-90.014,0
62.458,-90.013,0
62.483,-90.013,0
62.508,-90.013,0
62.533,-90.013,0
62.558,-90.012,0
62.583,-90.012,0
62.608,-90.012,0
62.633,-90.012,0
62.658,-90.011,0
62.683,-90.011,0
62.708,-90.011,0
62.733,-90.011,0
62.758,-90.011,0
62.783,-90.01,0
62.808,-90.01,0
62.833,-90.01,0
62.858,-90.01,0
62.883,-90.01,0
62.908,-90.01,0
62.932,-90.009,0
62.957,-90.009,0
62.982,-90.009,0
63.007,-90.009,0
63.099,-90.01,0
63.124,-90.01,0
63.149,-90.009,0
63.174,-90.009,0
63.199,-90.009,0
63.224,-90.008,0
63.249,-90.008,0
63.274,-90.008,0
63.299,-90.008,0
63.324,-90.007,0
63.348,-90.007,0
63.373,-90.007,0
63.398,-90.007,0
63.423,-90.007,0
63.448,-90.007,0
63.473,-90.006,0
63.498,-90.006,0
63.523,-90.006,0
63.548,-90.006,0
63.573,-90.006,0
63.598,-90.006,0
63.623,-90.006,0
63.648,-90.006,0
63.673,-90.005,0
63.698,-90.005,0
63.723,-90.005,0
63.748,-90.005,0
63.773,-90.005,0
63.798,-90.005,0
63.823,-90.005,0
63.848,-90.005,0
63.873,-90.005,0
63.898,-90.005,0
63.923,-90.005,0
63.948,-90.004,0
63.972,-90.004,0
63.997,-90.004,0
64.022,-90.004,0
64.114,-90.005,0
64.139,-90.005,0
64.164,-90.004,0
64.189,-90.004,0
64.214,-90.004,0
64.239,-90.004,0
64.264,-90.004,0
64.289,-90.004,0
64.314,-90.004,0
64.339,-90.004,0
64.364,-90.003,0
64.388,-90.003,0
64.413,-90.003,0
64.438,-90.003,0
64.463,-90.003,0
64.488,-90.003,0
64.513,-90.003,0
64.538,-90.003,0
64.563,-90.003,0
64.588,-90.003,0
64.613,-90.003,0
64.638,-90.003,0
64.663,-90.003,0
64.688,-90.003,0
64.713,-90.003,0
64.738,-90.003,0
64.763,-90.002,0
64.788,-90.002,0
64.813,-90.002,0
64.838,-90.002,0
64.863,-90.002,0
64.888,-90.002,0
64.913,-90.002,0
64.938,-90.002,0
64.963,-90.002,0
64.988,-90.002,0
65.012,-90.002,0
65.104,-90.002,0
65.129,-90.002,0
65.154,-90.002,0
65.179,-90.002,0
65.204,-90.002,0
65.229,-90.002,0
65.254,-90.002,0
65.279,-90.002,0
65.304,-90.002,0
65.329,-90.002,0
65.354,-90.002,0
65.379,-90.002,0
65.404,-90.002,0
65.428,-90.002,0
65.453,-90.002,0
65.478,-90.002,0
65.503,-90.001,0
65.528,-90.001,0
65.553,-90.001,0
65.578,-90.001,0
65.603,-90.001,0
65.628,-90.001,0
65.653,-90.001,0
65.678,-90.001,0
65.703,-90.001,0
65.728,-90.001,0
65.753,-90.001,0
65.778,-90.001,0
65.803,-90.001,0
65.828,-90.001,0
65.853,-90.001,0
65.878,-90.001,0
65.903,-90.001,0
65.928,-90.001,0
65.953,-90.001,0
65.978,-90.001,0
66.003,-90.001,0
66.094,-90.001,0
66.119,-90.001,0
66.144,-90.001,0
66.169,-90.001,0
66.194,-90.001,0
66.219,-90.001,0
66.244,-90.001,0
66.269,-90.001,0
66.294,-90.001,0
66.319,-90.001,0
66.344,-90.001,0
66.369,-90.001,0
66.394,-90.001,0
66.419,-90.001,0
66.444,-90.001,0
66.468,-90.001,0
66.493,-90.001,0
66.518,-90.001,0
66.543,-90.001,0
66.568,-90.001,0
66.593,-90.001,0
66.618,-90.001,0
66.643,-90.001,0
66.668,-90.001,0
66.693,-90.001,0
66.718,-90.001,0
66.743,-90.001,0
66.768,-90.001,0
66.793,-90.001,0
66.818,-90.001,0
66.843,-90.001,0
66.868,-90.001,0
66.893,-90.001,0
66.918,-90.001,0
66.943,-90.001,0
66.968,-90.001,0
66.993,-90,0
67.018,-90,0
67.109,-90.001,0
67.134,-90.001,0
67.159,-90.001,0
67.184,-90,0
67.209,-90,0
67.234,-90,0
67.259,-90,0
67.284,-90,0
67.309,-90,0
67.334,-90,0
67.359,-90,0.176
67.384,-90,0
67.409,-90,0
67.434,-90,0
67.459,-90,0
67.484,-90,0
67.508,-90,0
67.533,-90,0
67.558,-90,0
67.583,-90,0
67.608,-90,0
67.633,-90,0
67.658,-90,0
67.683,-90,0
67.708,-90,0
67.733,-90,0
67.758,-90,0
67.783,-90,0
67.808,-90,0
67.833,-90,0
67.858,-90,0
67.883,-90,0
67.908,-90,0
67.933,-90,0
67.958,-90,0
67.983,-90,0
68.008,-90,0
68.099,-90,0
68.124,-90,0
68.149,-90,0
68.174,-90,0
68.199,-90,0
68.224,-90,0
68.249,-90,0
68.274,-90,0
68.299,-90,0
68.324,-90,0
68.349,-90,0
68.374,-90,0
68.399,-90,0
68.424,-90,0
68.449,-90,0
68.474,-90,0
68.499,-90,0
68.524,-90,0
68.548,-90,0
68.573,-90,0
68.598,-90,0
68.623,-90,0
68.648,-90,0
68.673,-90,0
68.698,-90,0
68.723,-90,0
68.748,-90,0
68.773,-90,0
68.798,-90,0
68.823,-90,0
68.848,-90,0
68.873,-90,0
68.897,-84.451,0
68.923,-80.017,0
68.947,-76.347,0
68.973,-73.163,0
68.998,-70.37,0
69.023,-67.87,0
69.114,-64.348,0
69.139,-61.984,0
69.164,-59.867,0
69.189,-57.947,0
69.214,-56.188,0
69.239,-54.565,0
69.264,-53.057,0
69.289,-51.649,0
69.314,-50.327,0
69.339,-49.047,0
69.364,-47.812,0
69.389,-46.623,0
69.414,-45.482,0
69.439,-44.39,0
69.464,-43.345,0
69.489,-42.35,0
69.514,-41.403,0
69.539,-40.503,0
69.564,-39.65,0
69.588,-38.842,0
69.613,-38.079,0
69.638,-37.358,0
69.663,-36.679,0
69.688,-36.039,0
69.713,-35.438,0
69.738,-34.875,0
69.763,-34.348,0
69.788,-33.856,0
69.813,-33.4,0
69.838,-32.976,0
69.863,-32.572,0
69.888,-32.193,0
69.913,-31.841,0
69.938,-31.513,0
69.963,-31.21,0
69.988,-30.93,0
70.013,-30.671,0
70.104,-29.103,0
70.129,-29.03,0
70.154,-28.963,0
70.179,-28.902,0
70.204,-28.846,0
70.229,-28.795,0
70.254,-28.749,0
70.279,-28.709,0
70.304,-28.674,0
70.329,-28.645,0
70.354,-28.62,0
70.379,-28.602,0
70.404,-28.588,0
70.429,-28.578,0
70.454,-28.574,0
70.479,-28.574,0
70.504,-28.578,0
70.529,-28.587,0
70.554,-28.6,0
70.579,-28.617,0
70.604,-28.637,0
70.628,-28.661,0
70.653,-28.689,0
70.678,-28.719,0
70.703,-28.753,0
70.728,-28.79,0
70.753,-28.829,0
70.778,-28.871,0
70.803,-28.916,0
70.828,-28.962,0
70.853,-29.011,0
70.878,-29.062,0
70.903,-29.115,0
70.928,-29.169,0
70.953,-29.225,0
70.978,-29.282,0
71.003,-29.341,0
71.094,-28.636,0
71.119,-28.811,0
71.144,-28.973,0
71.169,-29.123,0
71.194,-29.263,0
71.219,-29.395,0
71.244,-29.519,0
71.269,-29.636,0
71.294,-29.748,0
71.319,-29.854,0
71.344,-29.956,0
71.369,-30.054,0
71.394,-30.148,0
71.419,-30.239,0
71.444,-30.327,0
71.469,-30.412,0
71.494,-30.495,0
71.519,-30.576,0
71.544,-30.655,0
71.569,-30.731,0
71.594,-30.807,0
71.619,-30.88,0
71.644,-30.953,0
71.668,-31.024,0
71.693,-31.093,0
71.718,-31.162,0
71.743,-31.229,0
71.768,-31.295,0
71.793,-31.36,0
71.818,-31.425,0
71.843,-31.488,0
71.868,-31.552,0
71.893,-31.612,0
71.918,-31.671,0
71.943,-31.731,0
71.968,-31.81,0
71.993,-31.797,0
72.018,-31.769,0
72.109,-31.74,0
72.134,-31.441,0
72.159,-35.515,0
72.184,-39.259,0
72.209,-42.747,0
72.234,-46.002,0
72.259,-49.045,0
72.284,-51.895,0
72.309,-54.567,0
72.334,-57.075,0
72.359,-59.431,0
72.384,-61.648,0
72.409,-63.733,0
72.434,-65.697,0
72.459,-67.548,0
72.484,-69.292,0
72.509,-70.936,0
72.534,-72.487,0
72.559,-73.95,0
72.584,-75.33,0
72.609,-76.633,0
72.634,-77.861,0
72.659,-79.02,0
72.684,-80.113,0
72.708,-81.144,0
72.733,-82.116,0
72.758,-83.033,0
72.783,-83.897,0
72.808,-84.71,0
72.833,-85.476,0
72.858,-86.198,0
72.883,-86.876,0
72.908,-87.514,0
72.933,-88.114,0
72.958,-88.677,0
72.983,-89.206,0
73.008,-89.702,0
73.099,-91.337,0
73.124,-91.677,0
73.149,-91.989,0
73.174,-92.287,0
73.199,-92.565,0
73.224,-92.822,0
73.249,-93.062,0
73.274,-93.284,0
73.299,-93.49,0
73.324,-93.68,0
73.349,-93.856,0
73.374,-94.019,0
73.399,-94.168,0
73.424,-94.306,0
73.449,-94.431,0
73.474,-94.546,0
73.499,-94.65,0
73.524,-94.744,0
73.549,-94.83,0
73.574,-94.905,0
73.599,-94.973,0
73.624,-95.032,0
73.649,-95.084,0
73.674,-95.129,0
73.699,-95.167,0
73.724,-95.198,0
73.748,-95.223,0
73.773,-95.243,0
73.798,-95.257,0
73.823,-95.266,0
73.848,-95.27,0
73.873,-95.269,0
73.898,-95.264,0
73.923,-95.256,0
73.948,-95.243,0
73.973,-95.227,0
73.998,-95.207,0
74.023,-95.184,0
74.115,-95.899,0
74.14,-95.766,0
74.164,-95.642,0
74.189,-95.527,0
74.214,-95.42,0
74.239,-95.319,0
74.264,-95.223,0
74.289,-95.133,0
74.314,-95.047,0
74.339,-94.964,0
74.364,-94.885,0
74.389,-94.808,0
74.414,-94.734,0
74.439,-94.662,0
74.464,-94.592,0
74.489,-94.523,0
74.514,-94.456,0
74.539,-94.391,0
74.564,-94.326,0
74.589,-94.263,0
74.614,-94.201,0
74.639,-94.139,0
74.664,-94.079,0
74.689,-94.019,0
74.714,-93.96,0
74.739,-93.902,0
74.764,-93.844,0
74.788,-93.787,0
74.813,-93.73,0
74.838,-93.675,0
74.863,-93.619,0
74.888,-93.564,0
74.913,-93.51,0
74.938,-93.457,0
74.963,-93.403,0
74.988,-93.351,0
75.013,-93.299,0
75.105,-93.626,0
75.13,-93.516,0
75.155,-93.413,0
75.18,-93.318,0
75.204,-93.229,0
75.229,-93.146,0
75.254,-93.068,0
75.279,-92.994,0
75.304,-92.924,0
75.329,-92.858,0
75.354,-92.794,0
75.379,-92.733,0
75.404,-92.675,0
75.429,-92.619,0
75.454,-92.566,0
75.479,-92.514,0
75.504,-92.464,0
75.529,-92.415,0
75.554,-92.368,0
75.579,-92.322,0
75.604,-92.278,0
75.629,-92.234,0
75.654,-92.192,0
75.679,-92.151,0
75.704,-92.111,0
75.729,-92.072,0
75.754,-92.033,0
75.779,-91.996,0
75.804,-91.959,0
75.828,-91.923,0
75.853,-91.888,0
75.878,-91.853,0
75.903,-91.818,0
75.928,-91.783,0
75.953,-91.747,0
75.978,-91.711,0
76.003,-91.675,0
76.095,-91.82,0
76.12,-91.754,0
76.145,-91.691,0
76.17,-91.633,0
76.195,-91.578,0
76.22,-91.526,0
76.244,-91.477,0
76.269,-91.43,0
76.294,-91.386,0
76.319,-91.343,0
76.344,-91.303,0
76.369,-91.264,0
76.394,-91.227,0
76.419,-91.191,0
76.444,-91.156,0
76.469,-91.123,0
76.494,-91.091,0
76.519,-91.06,0
76.544,-91.029,0
76.569,-91,0
76.594,-90.972,0
76.619,-90.944,0
76.644,-90.917,0
76.669,-90.891,0
76.694,-90.866,0
76.719,-90.842,0
76.744,-90.818,0
76.769,-90.794,0
76.794,-90.772,0
76.819,-90.749,0
76.844,-90.728,0
76.868,-90.707,0
76.893,-90.686,0
76.918,-90.666,0
76.943,-90.647,0
76.967,-86.108,0
76.993,-82.216,0
77.018,-78.812,0
77.11,-74.93,0
77.135,-71.842,0
77.16,-69.112,0
77.185,-66.665,0
77.21,-64.449,0
77.235,-62.423,0
77.26,-60.5,0
77.284,-58.661,0
77.309,-56.904,0
77.334,-55.228,0
77.359,-53.631,0
77.384,-52.11,0
77.409,-50.665,0
77.434,-49.292,0
77.459,-47.988,0
77.484,-46.753,0
77.509,-45.582,0
77.534,-44.473,0
77.559,-43.425,0
77.584,-42.434,0
77.609,-41.498,0
77.634,-40.615,0
77.659,-39.782,0
77.684,-38.997,0
77.709,-38.257,0
77.734,-37.562,0
77.759,-36.908,0
77.784,-36.293,0
77.809,-35.716,0
77.834,-35.176,0
77.859,-34.671,0
77.884,-34.2,0
77.908,-33.762,0
77.933,-33.355,0
77.958,-32.969,0
77.983,-32.606,0
78.008,-32.268,0
78.1,-30.671,0
78.125,-30.508,0
78.15,-30.358,0
78.175,-30.218,0
78.2,-30.089,0
78.225,-29.97,0
78.25,-29.86,0
78.275,-29.761,0
78.3,-29.67,0
78.324,-29.587,0
78.349,-29.513,0
78.374,-29.447,0
78.399,-29.389,0
78.424,-29.337,0
78.449,-29.293,0
78.474,-29.256,0
78.499,-29.225,0
78.524,-29.2,0
78.549,-29.181,0
78.574,-29.167,0
78.599,-29.159,0
78.624,-29.156,0
78.649,-29.158,0
78.674,-29.164,0
78.699,-29.175,0
78.724,-29.189,0
78.749,-29.208,0
78.774,-29.23,0
78.799,-29.255,0
78.824,-29.284,0
78.849,-29.316,0
78.874,-29.351,0
78.899,-29.388,0
78.924,-29.428,0
78.948,-29.47,0
78.973,-29.514,0
78.998,-29.56,0
79.023,-29.608,0
79.115,-28.908,0
79.14,-29.069,0
79.165,-29.219,0
79.19,-29.358,0
79.215,-29.488,0
79.24,-29.609,0
79.265,-29.724,0
79.29,-29.833,0
79.315,-29.937,0
79.34,-30.035,0
79.364,-30.13,0
79.389,-30.221,0
79.414,-30.309,0
79.439,-30.393,0
79.464,-30.475,0
79.489,-30.555,0
79.514,-30.633,0
79.539,-30.709,0
79.564,-30.783,0
79.589,-30.855,0
79.614,-30.926,0
79.639,-30.995,0
79.664,-31.064,0
79.689,-31.131,0
79.714,-31.197,0
79.739,-31.262,0
79.764,-31.326,0
79.789,-31.389,0
79.814,-31.451,0
79.839,-31.513,0
79.864,-31.572,0
79.889,-31.633,0
79.914,-31.691,0
79.939,-31.744,0
79.964,-31.81,0
79.988,-31.858,0
80.013,-31.888,0
80.105,-31.671,0
80.13,-31.584,0
80.155,-31.485,0
80.18,-35.543,0
80.205,-39.24,0
80.23,-42.692,0
80.255,-45.919,0
80.28,-48.942,0
80.305,-51.777,0
80.33,-54.438,0
80.355,-56.94,0
80.38,-59.292,0
80.404,-61.507,0
80.429,-63.593,0
80.454,-65.559,0
80.479,-67.412,0
80.504,-69.16,0
80.529,-70.809,0
80.554,-72.365,0
